"COD_ASL","COD_STRUTTURA","DENOM_STRUTTURA","INDIRIZZO_UBICAZIONE","COD_ISTAT_COMUNE_UBICAZIONE","COMUNE_UBICAZIONE","CAP","PROV_COMUNE_UBICAZIONE","TOT_POSTI_AUTORIZZATI","TOT_POSTI_ACCREDITATI","COD_GESTORE","DENOM_GESTORE","P_IVA","COD_FISCALE_GESTORE","INDIRIZZO_SEDE_LEGALE","COD_ISTAT_COMUNE_SEDE_LEGALE","COMUNE_SEDE_LEGALE","PROV_SEDE_LEGALE","PUBBLICA_PRIVATA","WGS84_Y","WGS84_X","FL_ACCREDITATA","Location"
"325","095683","RSA SAN SISTO 2","VIA COLOGNOLA AI COLLI,9","016024","BERGAMO","24.126","BG","108","108","691497","KOS CARE S.R.L.","01148190547","01148190547","VIA DURINI,9","015146","MILANO","MI","PRIVATA","45,67749","9,66293","SI","POINT (9.66293 45.67749)"
"325","096642","RSA CARISMA 2","VIA DASTE E SPALENGA,12/V","016024","BERGAMO","24.125","BG","106","80","690823","FONDAZIONE CASA DI RICOVERO SANTA MARIA AUSILIATRICE ONLUS","01066880160","80017150162","VIA MONTE GLENO,49","016024","BERGAMO","BG","PRIVATA","45,69688","9,70591","SI","POINT (9.70591 45.69688)"
"321","000314","RSA SAN GIORGIO","VIA MAURIZIO QUADRIO,14/16","015146","MILANO","20.154","MI","138","138","691212","SEGESTA GESTIONI SRL","04140620966","04140620966","VIALE CASSALA,22","015146","MILANO","MI","PRIVATA","45,484017","9,1836067","SI","POINT (9.1836067 45.484017)"
"321","000296","RSA ISTITUTO SANTA SAVINA","VIA FRANCESCO DE LEMENE,13","098031","LODI","26.900","LO","83","80","691716","EMMAUS SRL","01457730032","01457730032","VIA CAPPUCCINI,4","015146","MILANO","MI","PRIVATA","45,31202","9,50228","SI","POINT (9.50228 45.31202)"
"325","001285","CASA SAN GIUSEPPE","VIA ASPERTI,1","016114","GORLAGO","24.060","BG","136","126","135008","SANT'ANDREA ONLUS","04100570169","04100570169","VIA ASPERTI,1","016114","GORLAGO","BG","PRIVATA","45,67421","9,82766","SI","POINT (9.82766 45.67421)"
"328","002211","RSA 1 ASP CARLO PEZZANI","VIALE DELLA REPUBBLICA,86","018182","VOGHERA","27.058","PV","66","66","691447","A.S.P. CARLO PEZZANI","00990490187","86000150184","VIALE DELLA REPUBBLICA,86","018182","VOGHERA","PV","PUBBLICA","44,9845356","9,0086207","SI","POINT (9.0086207 44.9845356)"
"327","001962","RSA CASA SOLARIS","VIA XXIX LUGLIO 1848,28","020061","SERMIDE E FELONICA","46.028","MN","69","68","691098","FONDAZIONE SALUTEVITA ONLUS","02619900208","01591200207","VIA XXIX LUGLIO 1848,28","020061","SERMIDE E FELONICA","MN","PRIVATA","45,00591","11,29808","SI","POINT (11.29808 45.00591)"
"326","001633","RSA - FONDAZIONE CASA DI RIPOSO FELTRINELLI ONLUS","VIA CESARE BATTISTI,2","017076","GARGNANO","25.084","BS","52","52","690733","FONDAZIONE CASA DI RIPOSO FELTRINELLI  ONLUS","87000350170","87000350170","VIA CESARE BATTISTI,2","017076","GARGNANO","BS","PRIVATA","45,6746495","10,6522277","SI","POINT (10.6522277 45.6746495)"
"327","001948","FONDAZIONE SCARPARI FORATTINI ONLUS","VIA GIUSEPPE GARIBALDI,25","020060","SCHIVENOGLIA","46.020","MN","110","104","690502","FONDAZIONE  SCARPARI FORATTINI ONLUS","01317830204","80017860208","VIA GIUSEPPE GARIBALDI,25","020060","SCHIVENOGLIA","MN","PRIVATA","44,9962156","11,0692999","SI","POINT (11.0692999 44.9962156)"
"321","097381","RSA LAUS","VIA RITA LEVI MONTALCINI,1","098032","LODI VECCHIO","26.855","LO","120",,"692369","CODESS SOCIALE SOCIETA' COOPERATIVA SOCIALE","03174760276","03174760276","VIA GIOVANNI BOCCACCIO,96","028060","PADOVA","PD","PRIVATA","45,30243","9,41875","NO","POINT (9.41875 45.30243)"
"321","000535","CASA FAM. PER ANZ. MONS. C. TESTA","VIA GENERALE CARLO ALBERTO DALLA CHIESA,43","015081","COLOGNO MONZESE","20.093","MI","139","139","690715","FONDAZIONE MANTOVANI ONLUS","11779830154","11779830154","VIA FILIPPO TURATI,37","015007","ARCONATE","MI","PRIVATA","45,53288","9,2876","SI","POINT (9.2876 45.53288)"
"322","000883","""FONDAZIONE CASA DI RIPOSO """"C. E V. BELLINI""""  ONLUS""","VIA ANGELO BELLINI,27","012123","SOMMA LOMBARDO","21.019","VA","40","40","690515","CASA DI RIPOSO C. E V. BELLINI ONLUS","01391960125","82007230129","VIA ANGELO BELLINI,27","012123","SOMMA LOMBARDO","VA","PRIVATA","45,6841371","8,7137794","SI","POINT (8.7137794 45.6841371)"
"324","004858","RSA CASA DI RIPOSO SUORE INFERMIERE DI SAN CARLO","VIA CAMILLO BENSO DI CAVOUR,67","108015","CARATE BRIANZA","20.841","MB","83",,"197694","GE.M. MILANO SRL","03162480606","03162480606","VIA GIOVANNI FANTONI,8","108040","SEVESO","MB","PRIVATA","45,6885073","9,2404742","NO","POINT (9.2404742 45.6885073)"
"324","001189","ISTITUTO SACRA FAMIGLIA","STRADA DEL VERDE,11","097067","PERLEDO","23.828","LC","55","55","690776","FONDAZIONE ISTITUTO SACRA FAMIGLIA ONLUS","00795470152","03034530158","PIAZZA MONSIGNORE LUIGI MONETA 1","015074","CESANO BOSCONE","MI","PRIVATA","46,0263454","9,2863101","SI","POINT (9.2863101 46.0263454)"
"327","001947","FONDAZIONE G.BELFANTI ONLUS","VIA G.M.BONAZZI,24","020038","OSTIGLIA","46.035","MN","38","35","690563","FONDAZIONE G. BELFANTI ONLUS","01770500203","80006970208","VIA G.M.BONAZZI,24","020038","OSTIGLIA","MN","PRIVATA","45,0658895","11,1375906","SI","POINT (11.1375906 45.0658895)"
"324","001097","RSA VILLA PARADISO","VIA DANTE ALIGHIERI,37","108012","BRUGHERIO","20.861","MB","63","63","690820","VILLA PARADISO S.R.L.","00645920141","00645920141","VIALE STELVIO,160","014045","MORBEGNO","SO","PRIVATA","45,5490379","9,2998549","SI","POINT (9.2998549 45.5490379)"
"322","000846","RESIDENZA FRANCO BASSANI","VIA AVVOCATO FRANCO BASSANI,13","012087","LAVENO-MOMBELLO","21.014","VA","120","120","690440","CENTRO RESIDENZIALE PER ANZIANI MENOTTI BASSANI","01319900120","01319900120","VIA AVVOCATO FRANCO BASSANI,13","012087","LAVENO-MOMBELLO","VA","PRIVATA","45,90583","8,61455","SI","POINT (8.61455 45.90583)"
"322","002785","FONDAZIONE CA' D'INDUSTRIA ETS","VIA VARESINA,118/A","013075","COMO","22.100","CO","128","128","690688","FONDAZIONE CA' D'INDUSTRIA O.N.L.U.S.","01793530138","80004470136","VIA GIUSEPPE BRAMBILLA,61","013075","COMO","CO","PRIVATA","45,79284","9,07128","SI","POINT (9.07128 45.79284)"
"321","000682","CENTRO PADRE AMBROSOLI GIUSEPPE","LARGO MISSIONARI COMBONIANI,3","015146","MILANO","20.161","MI","34","34","124036","COOPERATIVA SOCIALE DI SOLIDARIETA' PROMOZIONE LAVORO","01843260231","01843260231","VIA GIUSEPPE MAZZINI,15","023069","SAN BONIFACIO","VR","PRIVATA","45,52227","9,18005","SI","POINT (9.18005 45.52227)"
"321","000455","CASA FAMIGLIA PER ANZIANI DI BUSSERO","VIA ACHILLE GRANDI,8","015040","BUSSERO","20.041","MI","66","66","690791","SODALITAS SOCIETA' COOPERATIVA A RESPONSABILITA' LIMITATA","10068220150","10068220150","VIA GIOVANNI MARRADI,1","015146","MILANO","MI","PRIVATA","45,5334209","9,3766618","SI","POINT (9.3766618 45.5334209)"
"322","000743","RSA RESIDENZA GIARDINO","VIA DELLE SORGENTI,9","012086","LAVENA PONTE TRESA","21.037","VA","47","47","105007","MARINER UNO S.R.L.","05433160966","05433160966","CORSO DI PORTA ROMANA,54","015146","MILANO","MI","PRIVATA","45,95638","8,85236","SI","POINT (8.85236 45.95638)"
"328","002212","PENSIONATO DON ORIONE","VIA CANONICO ARTURO PERDUCA,3","018057","CORVINO SAN QUIRICO","27.050","PV","54","54","690822","PROVINCIA RELIGIOSA SAN MARZIANO DI DON ORIONE","02541960155","02541960155","VIALE CATERINA DA FORLI',19","015146","MILANO","MI","PRIVATA","45,0261046","9,155505","SI","POINT (9.155505 45.0261046)"
"326","001644","RSA - ""CASA DI RIPOSO SAN GIOVANNI ONLUS""","VIA TORRAZZO,9","017024","BOVEGNO","25.061","BS","49","40","690811","FONDAZIONE CASA DI RIPOSO S. GIOVANNI ONLUS","01541600985","83002510176","VIA TORRAZZO,9","017024","BOVEGNO","BS","PRIVATA","45,7920178","10,2718044","SI","POINT (10.2718044 45.7920178)"
"324","001203","R.S.A. DON EMILIO MEANI","VIA CESARE CANTU',5","108019","CESANO MADERNO","20.811","MB","90","90","690777","ASSOCIAZIONE MONTE TABOR","03271350153","03271350153","VIA OLGETTINA,46","015146","MILANO","MI","PRIVATA","45,6302","9,14699","SI","POINT (9.14699 45.6302)"
"324","004962","SANT'ANDREA 2","VIA ALBERICO CRESCITELLI,2","108033","MONZA","20.900","MB","20","20","691212","SEGESTA GESTIONI SRL","04140620966","04140620966","VIALE CASSALA,22","015146","MILANO","MI","PRIVATA","45,59996","9,26662","SI","POINT (9.26662 45.59996)"
"325","001323","RSA NOBILE BAGLIONI","VIA GIUSEPPE MAZZINI,12/14","016239","VILLA D'ALME'","24.018","BG","60","60","691816","CACCIAMATTA SRL","03492560168","03492560168","VIA SAN ROCCO,SNC","016211","TAVERNOLA BERGAMASCA","BG","PRIVATA","45,7488306","9,6148184","SI","POINT (9.6148184 45.7488306)"
"321","000595","""RSA FONDAZIONE ISTITUTO GERIATRICO """"LA PELUCCA""""""","VIA TOMMASO CAMPANELLA,8/10","015209","SESTO SAN GIOVANNI","20.099","MI","108","108","690510","FONDAZIONE ISTITUTO GERIATRICO LA PELUCCA - ONLUS","00987080967","85001850156","VIA TOMMASO CAMPANELLA,8-10","015209","SESTO SAN GIOVANNI","MI","PRIVATA","45,5526888","9,2583979","SI","POINT (9.2583979 45.5526888)"
"322","002806","GRECO DE VECCHI","VIA VALASSINA,36","013250","BELLAGIO","22.021","CO","86","86","690848","""FONDAZIONE """"GRECO DE VECCHI"""" ONLUS""","01824210130","84002870131","VIA VALASSINA,36","013250","BELLAGIO","CO","PRIVATA","45,98247","9,26161","SI","POINT (9.26161 45.98247)"
"327","001901","RSA GIUSEPPE SERINI","VIA SANTUARIO,28/A","020054","SABBIONETA","46.018","MN","60","60","690452","C.S.A. COOPERATIVA SERVIZI ASSISTENZIALI - SOCIETA' COOPERATIVA SOCIALE","01697440202","01697440202","VIA GELSO,8","020030","MANTOVA","MN","PRIVATA","44,9963335","10,4801979","SI","POINT (10.4801979 44.9963335)"
"326","001544","RSA - FONDAZIONE ""CASA DI INDUSTRIA"" ONLUS","VIA VERONICA GAMBARA,6","017029","BRESCIA","25.121","BS","130","130","690812","FONDAZIONE CASA INDUSTRIA ONLUS","02505430989","80052670173","VIA VERONICA GAMBARA,6","017029","BRESCIA","BS","PRIVATA","45,5386262","10,2275026","SI","POINT (10.2275026 45.5386262)"
"328","002056","RSA FERRERA ERBOGNONE","VIA GIOVANNI DA FERRERA,2","018062","FERRERA ERBOGNONE","27.032","PV","22","20","691817","COMUNE DI FERRERA ERBOGNONE","00244220182","00244220182","PIAZZA BARTELLINI,18","018062","FERRERA ERBOGNONE","PV","PUBBLICA","45,11305","8,86755","SI","POINT (8.86755 45.11305)"
"328","002034","FONDAZIONE GALTRUCCO","VIA MORTARA,30","018123","ROBBIO","27.038","PV","40","40","690537","FONDAZIONE GALTRUCCO","02047730185","83001430186","VIA MORTARA,30","018123","ROBBIO","PV","PRIVATA","45,2864","8,5963238","SI","POINT (8.5963238 45.2864)"
"321","000117","SANTA CATERINA - FONDAZIONE ISTITUTO SACRA FAMIGLIA  ONLUS","VIA PAPA GIOVANNI PAOLO II,10/12","015211","SETTIMO MILANESE","20.019","MI","80","80","690776","FONDAZIONE ISTITUTO SACRA FAMIGLIA ONLUS","00795470152","03034530158","PIAZZA MONSIGNORE LUIGI MONETA 1","015074","CESANO BOSCONE","MI","PRIVATA","45,484854","9,0584941","SI","POINT (9.0584941 45.484854)"
"324","001001","RSA FONDAZIONE MARIA MONZINI ONLUS","VIA ALESSANDRO MANZONI,26","097016","CASATENOVO","23.880","LC","44","44","691429","FONDAZIONE MARIA MONZINI ONLUS","01493170136","85000290131","VIA ALESSANDRO MANZONI,26","097016","CASATENOVO","LC","PRIVATA","45,69845","9,31006","SI","POINT (9.31006 45.69845)"
"324","001141","CASA DI RIPOSO S. FRANCESCO","VIA AL CA',19","097008","BELLANO","23.822","LC","25","25","691066","CONGREGAZIONE SUORE MISERICORDINE DI SAN GERARDO - MONZA","00701570962","00971710157","PIAZZA SANTA MARGHERITA,2","108033","MONZA","MB","PRIVATA","46,0457101","9,3067947","SI","POINT (9.3067947 46.0457101)"
"321","000434","CASA FAMIGLIA ANZIANI","VIA GRAZIA DELEDDA,4","015041","BUSTO GAROLFO","20.038","MI","67","67","690791","SODALITAS SOCIETA' COOPERATIVA A RESPONSABILITA' LIMITATA","10068220150","10068220150","VIA GIOVANNI MARRADI,1","015146","MILANO","MI","PRIVATA","45,55328","8,89261","SI","POINT (8.89261 45.55328)"
"322","002858","ISTITUTO NIDASIO GALETTI","VIA SAN GIOVANNI BOSCO,13","013012","AROSIO","22.060","CO","112","112","690844","SAN GIUSEPPE SOCIETA' COOPERATIVA SOCIALE ONLUS","02082110137","02082110137","VIA BORGO VICO,6","013075","COMO","CO","PRIVATA","45,7208","9,21005","SI","POINT (9.21005 45.7208)"
"326","001607","CASA DI RIPOSO PER ANZIANI E INVALIDI ANDREA FIORINI ETS","VIA ALDO CARPI,24","017107","MAZZANO","25.080","BS","86","70","690718","CASA DI RIPOSO ANDREA FIORINI ONLUS","80054120177","80054120177","VIA ALDO CARPI,24","017107","MAZZANO","BS","PRIVATA","45,5043416","10,3668942","SI","POINT (10.3668942 45.5043416)"
"323","000986","FONDAZIONE DOMENICO GIAMBONI","PIAZZA NICOLINI,1","017068","EDOLO","25.048","BS","77","72","690662","FONDAZIONE CASA DI SOGGIORNO PER ANZIANI DOMENICO GIAMBONI - ONLUS","00723650982","81002710176","PIAZZA NICOLINI,1","017068","EDOLO","BS","PRIVATA","46,1794875","10,3316185","SI","POINT (10.3316185 46.1794875)"
"321","029305","RESIDENZA SAN FELICE","VIA SAN BOVIO,1","015205","SEGRATE","20.054","MI","120","120","104985","VERDELLO S.R.L.","07529000965","07529000965","VIA SAN DONATO,97","001272","TORINO","TO","PRIVATA","45,47483","9,30344","SI","POINT (9.30344 45.47483)"
"325","001412","CASA DI RIPOSO CAPROTTI ZAVARITT","VIA ARNO,14","016115","GORLE","24.020","BG","62","62","690457","ISTITUTO CASA DI RIPOSO CAPROTTI ZAVARITT","01567280167","01567280167","VIA ARNO,14","016024","BERGAMO","BG","PRIVATA","45,70721","9,71979","SI","POINT (9.71979 45.70721)"
"328","002153","RSA FONDAZIONE  OSPEDALE FAGNANI GALTRUCCO","VIA OSPEDALE,17","018123","ROBBIO","27.038","PV","57","57","690538","FONDAZIONE OSPEDALE FAGNANI GALTRUCCO RSA","02030510180","83001410188","VIA OSPEDALE,17","018123","ROBBIO","PV","PRIVATA","45,2907308","8,5933706","SI","POINT (8.5933706 45.2907308)"
"322","002913","SACRO CUORE - 1","VIA ROMA,33","013087","DIZZASCO","22.020","CO","153","144","690750","ASSOCIAZIONE IL FOCOLARE DI S. MARIA DI LORETO","01943130136","95022310130","VIA VANONE CERESOLA,3","013253","ALTA VALLE INTELVI","CO","PRIVATA","45,9480702","9,0972069","SI","POINT (9.0972069 45.9480702)"
"327","001885","RSA SAN PIETRO","VIA SAN PIETRO,28/B","020017","CASTIGLIONE DELLE STIVIERE","46.043","MN","60","60","691102","SOLIDARIETA' SRL","02245740200","02245740200","VIA MANTOVA,6","020071","BORGO VIRGILIO","MN","PRIVATA","45,3945326","10,4855541","SI","POINT (10.4855541 45.3945326)"
"323","000963","CENTRO SERVIZI ALLA PERSONA","VIA LUSARDI,2","014061","SONDRIO","23.100","SO","60","60","691255","FONDAZIONE CASA DI RIPOSO CITTA' DI SONDRIO","00401580147","80000270142","VIA DON LUIGI GUANELLA,36","014061","SONDRIO","SO","PRIVATA","46,17277","9,87628","SI","POINT (9.87628 46.17277)"
"328","002014","FONDAZIONE CONTE FRANCO CELLA","VIA CASCINA RILE,SNC","018005","ARENA PO","27.040","PV","86","86","690840","FONDAZIONE CONTE FRANCO CELLA DI RIVARA ONLUS","01331740181","84003740184","VIA EMILIA,328","018024","BRONI","PV","PRIVATA","45,09393","9,36179","SI","POINT (9.36179 45.09393)"
"327","001964","FONDAZIONE  OSPEDALE  CIVILE DI GONZAGA","VIA BARBERI,1","020027","GONZAGA","46.023","MN","24","22","690453","""FONDAZIONE """"OSPEDALE CIVILE"""" DI GONZAGA""","01331680205","82003890207","VIA BARBERI,1","020027","GONZAGA","MN","PRIVATA","44,9555343","10,822324","SI","POINT (10.822324 44.9555343)"
"321","000503","VILLA ANTONIETTA","VIA DEI CICLAMINI,34","015146","MILANO","20.147","MI","96","96","690653","FONDAZIONE BIFFI ONLUS","04330030158","80032890156","VIA DEI CICLAMINI,34","015146","MILANO","MI","PRIVATA","45,4538548","9,1289371","SI","POINT (9.1289371 45.4538548)"
"325","001442","FONDAZIONE BEPPINA E FILIPPO MARTINOLI CASA DELLA SERENITA' - ONLUS","VIA PIETRO GOBETTI,39","016128","LOVERE","24.065","BG","110","110","690425","FONDAZIONE BEPPINA E FILIPPO MARTINOLI CASA DELLA SERENITA' - ONLUS","01524280169","81001260165","VIA PIETRO GOBETTI,39","016128","LOVERE","BG","PRIVATA","45,82086","10,07781","SI","POINT (10.07781 45.82086)"
"325","001441","FONDAZIONE R.S.A. CASA DI RIPOSO NEMBRO E.T.S..","VIA DEI FRATI,1","016144","NEMBRO","24.027","BG","91","87","690686","FONDAZIONE R.S.A. CASA RIPOSO NEMBRO O.N.L.U.S.","01742130162","80024150163","VIA DEI FRATI,1","016144","NEMBRO","BG","PRIVATA","45,7410523","9,7503337","SI","POINT (9.7503337 45.7410523)"
"326","001490","RSA MONS. F. PINZONI","VIA OTTAVIANO MONTINI,37","017029","BRESCIA","25.133","BS","80","80","690815","FONDAZIONE PAOLA DI ROSA ONLUS","03338720174","98043210172","VIA MORETTO,34","017029","BRESCIA","BS","PRIVATA","45,56782","10,24315","SI","POINT (10.24315 45.56782)"
"322","000751","FONDAZIONE ISTITUTO MADONNA DELLA CROCE","VIA OSPEDALE,1","012139","VIGGIU'","21.059","VA","140","140","690524","FONDAZIONE ISTITUTO MADONNA DELLA CROCE ONLUS","02026170122","00577510126","VIA OSPEDALE,1","012139","VIGGIU'","VA","PRIVATA","45,8678631","8,908075","SI","POINT (8.908075 45.8678631)"
"321","000374","R.S.A. BAGGIO","VIA CAPRI,21","015146","MILANO","20.153","MI","120","120","137308","GRUPPO GHERON SRL","01574550339","01574550339","VIA ARCHIMEDE,57","015146","MILANO","MI","PRIVATA","45,46766","9,0929408","SI","POINT (9.0929408 45.46766)"
"322","002776","FONDAZIONE GIUSEPPINA PRINA ETS","PIAZZA GIUSEPPINA PRINA,1","013095","ERBA","22.036","CO","202","202","691368","FONDAZIONE GIUSEPPINA PRINA - ONLUS","01224400133","82003210133","PIAZZA GIUSEPPINA PRINA,1","013095","ERBA","CO","PRIVATA","45,8107059","9,2230927","SI","POINT (9.2230927 45.8107059)"
"321","000551","CASA SANTA TERESA","VIA ALESSANDRO MANZONI,13","098030","LIVRAGA","26.814","LO","50","50","132768","LIEBENAU IMPRESA SOCIALE SRL","02912190218","02912190218","VIA COLOGNA,1","021008","BOLZANO","BZ","PRIVATA","45,1933963","9,5490928","SI","POINT (9.5490928 45.1933963)"
"322","002795","RESIDENZA CROCE DI MALTA","VIA ANTONIO BRUSA,20","013042","CANZO","22.035","CO","87","87","690869","CROCE DI MALTA SRL","03653930960","03653930960","VIALE CASSALA,22","015146","MILANO","MI","PRIVATA","45,8475731","9,2719308","SI","POINT (9.2719308 45.8475731)"
"328","004829","VILLA GERLINA","STRADA GERLINA,15","018182","VOGHERA","27.058","PV","41","0","163392","NURSE AND ASSISTANCE S.R.L.","02463900189","02463900189","VIA PISOLE,2 C","018190","ZINASCO","PV","PRIVATA","44,96415","8,99787","SI","POINT (8.99787 44.96415)"
"322","002841","VILLA CLARICE","VIA GIUSEPPE NEGRINI,40","013064","CERMENATE","22.072","CO","100","100","691497","KOS CARE S.R.L.","01148190547","01148190547","VIA DURINI,9","015146","MILANO","MI","PRIVATA","45,7085874","9,0934172","SI","POINT (9.0934172 45.7085874)"
"327","039169","RESIDENZA DUCALE","STRADA CIRCONVALLAZIONE SUD,21/B","020030","MANTOVA","46.100","MN","120","120","691102","SOLIDARIETA' SRL","02245740200","02245740200","VIA MANTOVA,6","020071","BORGO VIRGILIO","MN","PRIVATA","45,15043","10,75319","SI","POINT (10.75319 45.15043)"
"324","004753","RSA CASA DI RIPOSO PADRE GIOVANNI MASCIADRI","VIA GIOVANNI FANTONI,8","108040","SEVESO","20.822","MB","84",,"197694","GE.M. MILANO SRL","03162480606","03162480606","VIA GIOVANNI FANTONI,8","108040","SEVESO","MB","PRIVATA","45,6486583","9,1417796","NO","POINT (9.1417796 45.6486583)"
"322","000817","CASA DI RIPOSO SAN GIUSEPPE","VIA IPPOCRATE,45","012139","VIGGIU'","21.059","VA","51","51","690523","CONGREGAZIONE DELLE ANCELLE DI SAN GIUSEPPE LAVORATORE","00277020129","95013170121","VIA CARLO SONZINI,8","012133","VARESE","VA","PRIVATA","45,87203","8,90945","SI","POINT (8.90945 45.87203)"
"321","000213","RSA DOMUS PATRIZIA SRL","VIA PIER LOMBARDO,20","015146","MILANO","20.135","MI","84","84","690421","DOMUS PATRIZIA S.R.L.","00854910189","00854910189","LARGO I MAGGIO,39","018069","GARLASCO","PV","PRIVATA","45,4535295","9,2077962","SI","POINT (9.2077962 45.4535295)"
"328","004869","RESIDENZA SANITARIA ASSISTENZIALE DI CORTEOLONA","VIA DELLE COSTIERE,4","018192","CORTEOLONA E GENZONE","27.014","PV","46","46","690492","PII ISTITUTI UNIFICATI","00478980188","00478980188","PIAZZALE MONSIGNOR BATTISTA CLERICI,6","018013","BELGIOIOSO","PV","PRIVATA","45,15697","9,36982","SI","POINT (9.36982 45.15697)"
"325","001370","RSA PAPA GIOVANNI XXIII","VIA DAMIANO CHIESA,28","016218","TRESCORE BALNEARIO","24.069","BG","61","61","692093","COOPERATIVA SOCIALE SOCIETA' DOLCE SOCIETA' COOPERATIVA","03772490375","03772490375","VIA CRISTINA DA PIZZANO,5","037006","BOLOGNA","BO","PRIVATA","45,6959662","9,8434077","SI","POINT (9.8434077 45.6959662)"
"321","000389","SANTA FRANCESCA CABRINI","VIA SANTA FRANCESCA SAVERIA CABRINI,11","098019","CODOGNO","26.845","LO","60","60","118807","ISTITUTO SUORE MISSIONARIE DEL SACRO CUORE DI GESU'","00858101009","01974690156","VIA SICILIA,215","058091","ROMA","RM","PRIVATA","45,1583","9,70134","SI","POINT (9.70134 45.1583)"
"326","001482","RSA - ""TILDE E LUIGI COLOSIO""","VIA BILINE,74/76","017163","RODENGO SAIANO","25.050","BS","120","120","690540","GENESI IMPRESA SOCIALE SOCIETA' COOPERATIVA SOCIALE ONLUS","03480310170","03480310170","VIA BILINE,74/76","017163","RODENGO SAIANO","BS","PRIVATA","45,6000324","10,0987556","SI","POINT (10.0987556 45.6000324)"
"328","002199","RESIDENZA LE TORRI","VIA UMBERTO I,41","018121","RETORBIDO","27.050","PV","61","61","690869","CROCE DI MALTA SRL","03653930960","03653930960","VIALE CASSALA,22","015146","MILANO","MI","PRIVATA","44,9471536","9,0357767","SI","POINT (9.0357767 44.9471536)"
"325","001264","FONDAZIONE RSA VAGLIETTI-CORSINI ETS","VICOLO OSPEDALE,2","016079","COLOGNO AL SERIO","24.055","BG","67","67","690760","FONDAZIONE RSA VAGLIETTI - CORSINI ONLUS","00781840160","84002530164","VICOLO OSPEDALE,2","016079","COLOGNO AL SERIO","BG","PRIVATA","45,5805797","9,7085898","SI","POINT (9.7085898 45.5805797)"
"321","000493","R.S.A. IPPOCRATE 2","VIA IPPOCRATE,18","015146","MILANO","20.161","MI","138","138","690869","CROCE DI MALTA SRL","03653930960","03653930960","VIALE CASSALA,22","015146","MILANO","MI","PRIVATA","45,5203308","9,1652302","SI","POINT (9.1652302 45.5203308)"
"324","001110","RSA I GELSI","LARGO CADUTI DI NASSIRIYA,3","108025","LAZZATE","20.824","MB","62","62","690713","COOPERATIVA SOCIALE QUADRIFOGLIO S.C. ONLUS","03890320017","03890320017","VIALE SAVORGNAN D'OSOPPO,4/10","001191","PINEROLO","TO","PRIVATA","45,67096","9,08525","SI","POINT (9.08525 45.67096)"
"323","000943","RSA FONDAZIONE ANGELO MAJ ETS","VIA GALILEO GALILEI,16","017065","DARFO BOARIO TERME","25.047","BS","107","103","691324","RESIDENZA ANGELO MAJ FONDAZIONE ONLUS","00723500989","81001070176","VIA GALILEO GALILEI,16","017065","DARFO BOARIO TERME","BS","PRIVATA","45,892935","10,1815269","SI","POINT (10.1815269 45.892935)"
"324","001017","RSA LE QUERCE","VIA PASTEUR,8","108017","CAVENAGO DI BRIANZA","20.873","MB","85","85","690770","COOPERATIVA SOCIALE RIEDUCAZIONE MOTORIA ONLUS","08029590158","08029590158","VIA TRENNO,41","015146","MILANO","MI","PRIVATA","45,58611","9,4201","SI","POINT (9.4201 45.58611)"
"322","096270","ZAFFIRO RSA RUBINO","VIA ENRICO TAZZOLI,1","013048","CARUGO","22.060","CO","120",,"159772","ZAFFIRO NORD S.R.L.","02881800300","02881800300","VIA MELCHIORRE GIOIA,121","015146","MILANO","MI","PRIVATA","45,7116727","9,1937035","NO","POINT (9.1937035 45.7116727)"
"325","001439","RSA CARISMA","VIA MONTE GLENO,49","016024","BERGAMO","24.125","BG","419","323","690823","FONDAZIONE CASA DI RICOVERO SANTA MARIA AUSILIATRICE ONLUS","01066880160","80017150162","VIA MONTE GLENO,49","016024","BERGAMO","BG","PRIVATA","45,69755","9,70346","SI","POINT (9.70346 45.69755)"
"321","000060","CASA FAMIGLIA PER ANZIANI","PIAZZA CARDINALE ANDREA FERRARI,2","015201","SAN VITTORE OLONA","20.028","MI","64","63","690715","FONDAZIONE MANTOVANI ONLUS","11779830154","11779830154","VIA FILIPPO TURATI,37","015007","ARCONATE","MI","PRIVATA","45,58551","8,94208","SI","POINT (8.94208 45.58551)"
"321","000163","CASA FAMIGLIA PER ANZIANI ERNESTO  AZZALIN","VIA RAFFAELLO SANZIO,31","015113","INVERUNO","20.001","MI","60","60","690791","SODALITAS SOCIETA' COOPERATIVA A RESPONSABILITA' LIMITATA","10068220150","10068220150","VIA GIOVANNI MARRADI,1","015146","MILANO","MI","PRIVATA","45,5139018","8,8426677","SI","POINT (8.8426677 45.5139018)"
"328","002148","ISTITUTO DE RODOLFI","VIA BRAMANTE,4","018177","VIGEVANO","27.029","PV","107","107","691720","AZIENDA SPECIALE MULTISERVIZI VIGEVANO","01968970184","01968970184","VIA BRAMANTE,4","018177","VIGEVANO","PV","PUBBLICA","45,31507283","8,84895259","SI","POINT (8.84895259 45.31507283)"
"323","000930","CASA DI RIPOSO TALAMONA ETS","VIA GAVAZZENI,64/B","014063","TALAMONA","23.018","SO","49","48","690558","CASA DI RIPOSO DI TALAMONA ONLUS","00416660140","00416660140","VIA GAVAZZENI,64/B","014063","TALAMONA","SO","PRIVATA","46,1365875","9,6117418","SI","POINT (9.6117418 46.1365875)"
"325","001422","SANTO GIOVANNI PAOLO II","PIAZZALE OSPEDALE LUIGI MENEGUZZO,5","016219","TREVIGLIO","24.047","BG","154","151","690500","FONDAZIONE ANNI SERENI TREVIGLIO CARAVAGGIO E FARA GERA D'ADDA ONLUS","02110110166","84000910160","PIAZZALE OSPEDALE LUIGI MENEGUZZO,5","016219","TREVIGLIO","BG","PRIVATA","45,51121","9,60959","SI","POINT (9.60959 45.51121)"
"326","001516","RSA -  ""CASA DI RIPOSO SAN GIUSEPPE""","VIA MILANO,69","017029","BRESCIA","25.126","BS","41","41","690816","ISTITUTO DELLE FIGLIE DI S. CAMILLO","01588540581","01588540581","VIA DI ACQUA BULLICANTE,4","058091","ROMA","RM","PRIVATA","45,5458947","10,1914853","SI","POINT (10.1914853 45.5458947)"
"328","002174","MONS. LUIGI NOVARESE","VIA UMBERTO I,66","018107","PALESTRO","27.030","PV","60","60","690790","COOPERATIVA SOCIALE COOPSELIOS SOCIETA' COOPERATIVA ONLUS","01164310359","01164310359","VIA ANTONIO GRAMSCI,54/S","035033","REGGIO NELL'EMILIA","RE","PRIVATA","45,30284743","8,52685823","SI","POINT (8.52685823 45.30284743)"
"321","000517","RSA LEOPARDI","VIA SESIA,1/A","015168","PARABIAGO","20.015","MI","100","100","202333","LA VILLA S.P.A.","05548060481","05548060481","VIA BENEDETTO DA FOIANO 14","048017","FIRENZE","FI","PRIVATA","45,5389908","8,9570527","SI","POINT (8.9570527 45.5389908)"
"327","001768","FONDAZIONE R.S.A. DI SONCINO ONLUS","VIA SAN PIO V,14","019097","SONCINO","26.029","CR","64","62","690516","FONDAZIONE R.S.A. DI SONCINO ONLUS","00923770192","83001010194","LARGO CAPRETTI,2","019097","SONCINO","CR","PRIVATA","45,3993519","9,8739896","SI","POINT (9.8739896 45.3993519)"
"321","000388","FONDAZIONE OPERE PIE RIUNITE DI CODOGNO-ONLUS","VIA UGO BASSI,39","098019","CODOGNO","26.845","LO","144","142","690679","FONDAZIONE OPERE PIE RIUNITE DI CODOGNO ONLUS","03780240960","03780240960","VIA UGO BASSI,37/39","098019","CODOGNO","LO","PRIVATA","45,1575105","9,7091874","SI","POINT (9.7091874 45.1575105)"
"328","002072","CASA DI RIPOSO  S. TARCISIO","VIA GIUSEPPE MAZZINI,12","018106","OTTOBIANO","27.030","PV","37","37","690564","PARROCCHIA DI SAN MICHELE ARCANGELO DI OTTOBIANO","00968430181","00968430181","VIA SAN MICHELE,1","018106","OTTOBIANO","PV","PRIVATA","45,1520808","8,8327718","SI","POINT (8.8327718 45.1520808)"
"328","086008","RSA ARCOBALENO PARC","VIA DEGLI ONTANI,2","018137","SAN MARTINO SICCOMARIO","27.028","PV","120","120","166072","COOPERATIVA SOCIALE F.A.I. PONTEVECCHIO S.P.A.","01830880181","01830880181","VIA DEGLI ONTANI,2","018137","SAN MARTINO SICCOMARIO","PV","PRIVATA","45,152629","9,133269","SI","POINT (9.133269 45.152629)"
"322","002721","CASA DIVINA PROVVIDENZA OPERA DON GUANELLA","VIA TOMMASO GROSSI,18","013075","COMO","22.100","CO","108","100","691166","PROVINCIA ITALIANA DELLA CONGREGAZIONE DEI SERVI DELLA CARITA' - OPERA DON GUANELLA","01084241007","02595400587","VICOLO CLEMENTI,41","058091","ROMA","RM","PRIVATA","45,80936","9,09126","SI","POINT (9.09126 45.80936)"
"326","001595","RSA - FONDAZIONE ""VILLA FIORI"" RSA ONLUS","VIA BELCOLLE,17","017117","NAVE","25.075","BS","113","100","690581","FONDAZIONE ""VILLA FIORI"" RSA ONLUS","01823600174","80014450177","VIA BELCOLLE,17","017117","NAVE","BS","PRIVATA","45,58761","10,2777","SI","POINT (10.2777 45.58761)"
"327","001872","FONDAZIONE ULDERICO SABBADINI ONLUS","VIA GIUSEPPE GARIBALDI,36","020022","DOSOLO","46.030","MN","25","25","690429","FONDAZIONE ULDERICO SABBADINI ONLUS","01327120208","83001070206","VIA GIUSEPPE GARIBALDI,36","020022","DOSOLO","MN","PRIVATA","44,97781","10,64366","SI","POINT (10.64366 44.97781)"
"327","001944","FONDAZ. OSPED. G. ARAGONA IST. GER. E RIAB. ONLUS","VIA GRASSELLI BARNI,47","019090","SAN GIOVANNI IN CROCE","26.037","CR","65","65","691015","FONDAZIONE OSPEDALE GIUSEPPE ARAGONA ISTITUTO GERIATRICO E RIABILITATIVO ONLUS","00296100191","00296100191","VIA GRASSELLI BARNI,47","019090","SAN GIOVANNI IN CROCE","CR","PRIVATA","45,0756","10,38075","SI","POINT (10.38075 45.0756)"
"328","002168","DON VENTURA","VICOLO VENTURA,4","018168","VALLE LOMELLINA","27.020","PV","24","24","131148","WELFARE SERVZI","09688410969","09688410969","VIA PRIVATA CESARE BATTISTI,2","015146","MILANO","MI","PRIVATA","45,1519057","8,6629168","SI","POINT (8.6629168 45.1519057)"
"326","001477","RSA DI VIA C. BATTISTI N. 10 BARBARIGA","VIA CESARE BATTISTI,10","017011","BARBARIGA","25.030","BS","36","33","690650","FONDAZIONI RIUNITE ONLUS DELLA BASSA BRESCIANA OCCIDENTALE","00726090988","86000210178","VIA V.GAMBARA,20","017125","ORZINUOVI","BS","PRIVATA","45,40481","10,05699","SI","POINT (10.05699 45.40481)"
"324","083789","RSA LIMBIATE","VIA TRIESTE,129/A","108027","LIMBIATE","20.812","MB","120","120","137308","GRUPPO GHERON SRL","01574550339","01574550339","VIA ARCHIMEDE,57","015146","MILANO","MI","PRIVATA","45,5943361","9,1355252","SI","POINT (9.1355252 45.5943361)"
"321","090704","CASA FAMIGLIA DI ARCONATE","PIAZZA FALCONE E BORSELLINO,1","015007","ARCONATE","20.020","MI","76","76","177373","OPERA PIA CASTIGLIONI S.R.L.","07753450969","07753450969","VIA LEGNANO,10","015146","MILANO","MI","PRIVATA","45,54147","8,85193","SI","POINT (8.85193 45.54147)"
"321","000278","S. EDOARDO","PIAZZALE MONS.RIBONI,1","015226","TURBIGO","20.029","MI","80","80","690681","NUOVA ASSISTENZA- SOCIETA' COOPERATIVA SOCIALE ONLUS","01684780032","06902520011","VIA BAVENO,4","003106","NOVARA","NO","PRIVATA","45,529","8,73744","SI","POINT (8.73744 45.529)"
"322","000719","FONDAZIONE DON CARLO GNOCCHI ONLUS - CENTRO SANTA MARIA AL MONTE","VIA NIZZA,6","012096","MALNATE","21.046","VA","191","176","690451","FONDAZIONE DON CARLO GNOCCHI ONLUS","12520870150","04793650583","VIA CARLO GIROLA,30","015146","MILANO","MI","PRIVATA","45,79444","8,87876","SI","POINT (8.87876 45.79444)"
"322","002816","SAN CARLO BORROMEO - FATEBENEFRATELLI","VIA COMO,2","013255","SOLBIATE CON CAGNO","22.043","CO","212","212","690002","PROVINCIA LOMBARDO-VENETA DELL'ORDINE OSPEDALIERO DI SAN GIOVANNI DI DIO FATEBENEFRATELLI","01647730157","01647730157","VIA PILASTRONI,4","017029","BRESCIA","BS","PRIVATA","45,7894056","8,9375354","SI","POINT (8.9375354 45.7894056)"
"321","000224","RSA BELVEDERE","VIA CINQUE MARTIRI,1","015059","CASSANO D'ADDA","20.062","MI","85","85","690787","COMUNE DI CASSANO D'ADDA","03674570159","03674570159","PIAZZA GIACOMO MATTEOTTI,1","015059","CASSANO D'ADDA","MI","PUBBLICA","45,5235115","9,5186458","SI","POINT (9.5186458 45.5235115)"
"322","093350","LA DIMORA SUL LAGO","VIA LAGO,26","012138","VERGIATE","21.029","VA","75","75","199713","LA DIMORA SUL LAGO - IMPRESA SOCIALE S.R.L.","04045230127","04045230127","VIA LAGO","012138","VERGIATE","VA","PRIVATA","45,75139","8,68917","SI","POINT (8.68917 45.75139)"
"327","001827","RSA FONDAZIONE OSPEDALE CAIMI ONLUS","VIA CAIMI,21","019112","VAILATE","26.019","CR","62","62","690711","FONDAZIONE OSPEDALE CAIMI - ONLUS","00305030199","00305030199","VIA CAIMI,21","019112","VAILATE","CR","PRIVATA","45,46215","9,60311","SI","POINT (9.60311 45.46215)"
"321","000371","RSA S. GIUSEPPE","VIA ARCO NUOVO,16","015062","CASTANO PRIMO","20.022","MI","70","70","691166","PROVINCIA ITALIANA DELLA CONGREGAZIONE DEI SERVI DELLA CARITA' - OPERA DON GUANELLA","01084241007","02595400587","VICOLO CLEMENTI,41","058091","ROMA","RM","PRIVATA","45,55386","8,77427","SI","POINT (8.77427 45.55386)"
"321","000476","RICOVERO F. UBOLDI","VIA BRUNO BUOZZI,27","015166","PADERNO DUGNANO","20.037","MI","95","90","690565","RICOVERO F. UBOLDI","00754590966","03528330156","VIA BRUNO BUOZZI,27","015166","PADERNO DUGNANO","MI","PRIVATA","45,56995","9,16407","SI","POINT (9.16407 45.56995)"
"325","001221","FONDAZIONE CECILIA CACCIA IN DEL NEGRO ONLUS","VIA XX SETTEMBRE,19/21","016108","GANDINO","24.024","BG","150","150","690730","FONDAZIONE CECILIA CACCIA IN DEL NEGRO ONLUS","02200060164","81001170166","VIA XX SETTEMBRE,19/21","016108","GANDINO","BG","PRIVATA","45,8132248","9,9015464","SI","POINT (9.9015464 45.8132248)"
"326","001723","RSA - FONDAZIONE  DANTE CUSI ONLUS","VIA DANTE CUSI,12","017073","GAMBARA","25.020","BS","42","40","690728","FONDAZIONE DANTE CUSI ONLUS","88001270177","88001270177","VIA DANTE CUSI,12","017073","GAMBARA","BS","PRIVATA","45,2538908","10,2961298","SI","POINT (10.2961298 45.2538908)"
"326","004866","RSA - CASA DI RIPOSO A. COMINI","VIA SAN FRANCESCO D'ASSISI,9","017057","COLLEBEATO","25.060","BS","61",,"691776","SOCIETA' COOPERATIVA ONLUS CASA DI RIPOSO A. COMINI","02728840980","02728840980","VIA SAN FRANCESCO D'ASSISI,9","017057","COLLEBEATO","BS","PRIVATA","45,5850271","10,2166968","NO","POINT (10.2166968 45.5850271)"
"327","001808","R.S.A. FONDAZIONE MONS ARRIGO MAZZALI ONLUS  DI MANTOVA","VIA TRENTO,10","020030","MANTOVA","46.100","MN","206","202","690699","FONDAZIONE MONS ARRIGO MAZZALI ONLUS DI MANTOVA","00441270204","80005070208","VIA TRENTO,10","020030","MANTOVA","MN","PRIVATA","45,1637","10,79025","SI","POINT (10.79025 45.1637)"
"323","000941","RSA LUCIA LORENZETTI","VIA TENENTE ALBERTO FRANZONI,11","017007","ARTOGNE","25.040","BS","30","30","691324","RESIDENZA ANGELO MAJ FONDAZIONE ONLUS","00723500989","81001070176","VIA GALILEO GALILEI,16","017065","DARFO BOARIO TERME","BS","PRIVATA","45,8478304","10,1656376","SI","POINT (10.1656376 45.8478304)"
"325","001241","SAN PAOLO RESIDENZA SANITARIA ASSISTENZIALE","VIA TRENTO,1","016016","AZZANO SAN PAOLO","24.052","BG","58","58","692093","COOPERATIVA SOCIALE SOCIETA' DOLCE SOCIETA' COOPERATIVA","03772490375","03772490375","VIA CRISTINA DA PIZZANO,5","037006","BOLOGNA","BO","PRIVATA","45,6631148","9,6747312","SI","POINT (9.6747312 45.6631148)"
"324","001173","RSA ANNI VERDI","VIA LEGA LOMBARDA,8","108009","BIASSONO","20.853","MB","62","62","690713","COOPERATIVA SOCIALE QUADRIFOGLIO S.C. ONLUS","03890320017","03890320017","VIALE SAVORGNAN D'OSOPPO,4/10","001191","PINEROLO","TO","PRIVATA","45,62407","9,27246","SI","POINT (9.27246 45.62407)"
"321","000206","R.S.A. I PIOPPI","VIA LEONARDO DA VINCI,38","015101","DRESANO","20.070","MI","75","75","691806","PUNTO SERVICE - COOPERATIVA SOCIALE A R.L","01645790021","01645790021","VIA VERCELLI,23/A","002031","CARESANABLOT","VC","PRIVATA","45,3713892","9,3542822","SI","POINT (9.3542822 45.3713892)"
"321","000673","R.S.A. ALFREDO PODESTA'","STRADA CERCA,2","015024","BINASCO","20.082","MI","120","120","201480","ROMEO S.R.L.","14296690960","14296690960","VIALE CASSALA, 22","015146","MILANO","MI","PRIVATA","45,33765","9,10448","SI","POINT (9.10448 45.33765)"
"323","000942","FONDAZIONE ENTE CELERI ETS","VIA TAGLIERINI,25","017028","BRENO","25.043","BS","70","65","690753","FONDAZIONE ENTE CELERI O.N.L.U.S.","00723530986","81001430172","VIA INGEGNER ANTONIO TAGLIERINI 25","017028","BRENO","BS","PRIVATA","45,95689","10,30259","SI","POINT (10.30259 45.95689)"
"322","000902","RSA IL MELO","VIA MAGENTA,3","012070","GALLARATE","21.013","VA","122","120","691476","IL MELO ONLUS SOCIETA' COOPERATIVA SOCIALE","01564890125","91002590122","VIA MAGENTA,3","012070","GALLARATE","VA","PRIVATA","45,65624","8,7934","SI","POINT (8.7934 45.65624)"
"326","001556","RSA - FONDAZIONE VILLA SERENA ETS","VIALE GIANBATTISTA ORIZIO,17","017150","PONTOGLIO","25.037","BS","63","60","690868","FONDAZIONE VILLA SERENA - ONLUS","02730300981","00976580175","VIALE ORIZIO,17","017174","SAREZZO","BS","PRIVATA","45,5724348","9,8523578","SI","POINT (9.8523578 45.5724348)"
"323","000921","""R.S.A. """"CITTA' DI TIRANO""""""","VIA S.BERTACCHI,6","014066","TIRANO","23.037","SO","116","116","690493","""FONDAZIONE """"CASA DI RIPOSO CITTA' DI TIRANO"""" ONLUS""","00401160148","83001140140","VIA GIOVANNI BERTACCHI,6","014066","TIRANO","SO","PRIVATA","46,21534","10,17191","SI","POINT (10.17191 46.21534)"
"326","001700","RSA - ""LA RESIDENZA""","VIA DEI MILLE,41","017029","BRESCIA","25.122","BS","95","95","690754","FONDAZIONE CASA DI DIO ONLUS","02467380982","02467380982","VIA MORETTO,4","017029","BRESCIA","BS","PRIVATA","45,5391161","10,2112791","SI","POINT (10.2112791 45.5391161)"
"324","001075","R.S.A. MONSIGNOR BORSIERI","VIA SAN NICOLO',4/6/8","097042","LECCO","23.900","LC","59","59","690776","FONDAZIONE ISTITUTO SACRA FAMIGLIA ONLUS","00795470152","03034530158","PIAZZA MONSIGNORE LUIGI MONETA 1","015074","CESANO BOSCONE","MI","PRIVATA","45,85661","9,38958","SI","POINT (9.38958 45.85661)"
"321","000180","RSA MARIA AUSILIATRICE SRL","VIA ROGOREDO,31","015146","MILANO","20.138","MI","40","40","690593","RESIDENZA SANITARIA ASSISTENZIALE MARIA AUSILIATRICE S.R.L.","04414200966","04414200966","VIA ROGOREDO,31","015146","MILANO","MI","PRIVATA","45,4313835","9,2431525","SI","POINT (9.2431525 45.4313835)"
"321","000084","RSA VILLA II VERROCCHIO","VIA CESARE PASCARELLA,19","015146","MILANO","20.157","MI","120","120","691731","EDOS SRL","05831590962","05831590962","VIA BENEDETTO DA FOIANO,14","048017","FIRENZE","FI","PRIVATA","45,5160146","9,1431281","SI","POINT (9.1431281 45.5160146)"
"322","004772","RSA SAN GIACOMO","VIA SILVIO PELLICO,3","012134","VEDANO OLONA","21.040","VA","48","38","692093","COOPERATIVA SOCIALE SOCIETA' DOLCE SOCIETA' COOPERATIVA","03772490375","03772490375","VIA CRISTINA DA PIZZANO,5","037006","BOLOGNA","BO","PRIVATA","45,77674","8,88189","SI","POINT (8.88189 45.77674)"
"322","000775","RSA CASA  S.AGNESE","VIA GIUSEPPE FRUA,4","012119","SARONNO","21.047","VA","102","102","690851","ISTITUTO DELLE FIGLIE DI SANTA MARIA DELLA DIVINA PROVVIDENZA","01062811003","02477630582","PIAZZA DI SAN PANCRAZIO,9","058091","ROMA","RM","PRIVATA","45,63026","9,04141","SI","POINT (9.04141 45.63026)"
"321","000620","R.S.A. GLI OLEANDRI","VIA GIORGIO AMENDOLA,20/A","015189","ROZZANO","20.089","MI","120","120","113045","TERRANOVA S.R.L.","07640860966","07640860966","VIA LARGA,8","015146","MILANO","MI","PRIVATA","45,3787456","9,1480044","SI","POINT (9.1480044 45.3787456)"
"321","000331","RSA SANTA CHIARA","VIA PAOLO GORINI,48","098031","LODI","26.900","LO","268","259","691426","FONDAZIONE SANTA CHIARA CENTRO MULTISERVIZI PER LA POPOLAZIONE ANZIANA ONLUS","08043770158","84501950152","VIA PAOLO GORINI,48","098031","LODI","LO","PRIVATA","45,3135264","9,5095598","SI","POINT (9.5095598 45.3135264)"
"327","001932","FONDAZIONE ISTITUTO VISMARA - DE PETRI ONLUS","VIA CARLO VISMARA,10","019088","SAN BASSANO","26.020","CR","267","258","690585","FONDAZIONE ISTITUTO CARLO VISMARA - GIOVANNI DE PETRI ONLUS","00408630192","83000090197","VIA CARLO VISMARA,10","019088","SAN BASSANO","CR","PRIVATA","45,24216","9,81196","SI","POINT (9.81196 45.24216)"
"325","001248","RSA CASA DI RIPOSO OVIDIO CERRUTI","VIA OVIDIO CERRUTI,6","016051","CAPRIATE SAN GERVASIO","24.042","BG","200","190","200735","PROVINCIA NORD ITALIANA DELL'ORDINE DEI MINISTRI DEGLI INFERMI (CAMILLIANI)","13471450968","01556270153","VIA RUGGERO BOSCOVICH, 25","015146","MILANO","MI","PRIVATA","45,60972","9,53529","SI","POINT (9.53529 45.60972)"
"324","001018","RSA LA ROSA D'ARGENTO","VIA SAN CARLO,5","108038","RONCO BRIANTINO","20.885","MB","44","44","692369","CODESS SOCIALE SOCIETA' COOPERATIVA SOCIALE","03174760276","03174760276","VIA GIOVANNI BOCCACCIO,96","028060","PADOVA","PD","PRIVATA","45,66172","9,40227","SI","POINT (9.40227 45.66172)"
"328","097332","RESIDENZA SAN GENESIO","STRADA CAMPAGNATE,44/A","018135","SAN GENESIO ED UNITI","27.010","PV","120","120","692369","CODESS SOCIALE SOCIETA' COOPERATIVA SOCIALE","03174760276","03174760276","VIA GIOVANNI BOCCACCIO,96","028060","PADOVA","PD","PRIVATA","45,23856833","9,17535148","SI","POINT (9.17535148 45.23856833)"
"327","001918","R.S.A. CASA ROSANNA","VIA GIUSEPPE GARIBALDI,6","020036","MONZAMBANO","46.040","MN","42","40","690452","C.S.A. COOPERATIVA SERVIZI ASSISTENZIALI - SOCIETA' COOPERATIVA SOCIALE","01697440202","01697440202","VIA GELSO,8","020030","MANTOVA","MN","PRIVATA","45,3860559","10,6907475","SI","POINT (10.6907475 45.3860559)"
"321","000261","RSA CASTELLINI DI MELEGNANO","VIA CAMILLO BENSO DI CAVOUR,21","015140","MELEGNANO","20.077","MI","352","350","690409","FONDAZIONE CASTELLINI - ONLUS","03769650155","84507490153","VIA CAMILLO BENSO DI CAVOUR,21","015140","MELEGNANO","MI","PRIVATA","45,3601758","9,3253777","SI","POINT (9.3253777 45.3601758)"
"327","001860","FONDAZ.CASA RIPOSO OSP.DEI POVERI PANDINO ONLUS","VIA DELLA VIGNOLA,3","019067","PANDINO","26.025","CR","106","103","690569","FONDAZIONE CASA DI RIPOSO OSPEDALE DEI POVERI DI PANDINO - ONLUS","00871270195","82002330197","VIA DELLA VIGNOLA,3","019067","PANDINO","CR","PRIVATA","45,4097024","9,5487958","SI","POINT (9.5487958 45.4097024)"
"324","001166","RSA  CASA DI RIPOSO L. E A. AGOSTONI","VIA MONSIGNORE ENNIO BERNASCONI,14","108028","LISSONE","20.851","MB","120","120","690694","FONDAZIONE CASA DI RIPOSO L. E A. AGOSTONI - ONLUS","04254840962","85008490154","VIA MONSIGNORE ENNIO BERNASCONI,14","108028","LISSONE","MB","PRIVATA","45,61994","9,23761","SI","POINT (9.23761 45.61994)"
"322","000698","FONDAZIONE GIUSEPPE E GIULIANA RONZONI ETS","VIA DEGLI ORTI,14","012013","BESOZZO","21.023","VA","62","62","690832","""FONDAZIONE  GIUSEPPE E GIULIANA RONZONI- ONLUS""","00666710124","83000410122","VIA DEGLI ORTI,14","012013","BESOZZO","VA","PRIVATA","45,84766","8,66652","SI","POINT (8.66652 45.84766)"
"326","001727","RSA - FONDAZIONE CASA DI RIPOSO DI CALCINATO ONLUS","VIA SALVO D'ACQUISTO,5","017032","CALCINATO","25.011","BS","103","86","690796","FONDAZIONE CASA DI RIPOSO DI   CALCINATO ONLUS","00725650980","85000450172","VIA SALVO D'ACQUISTO,5","017032","CALCINATO","BS","PRIVATA","45,4536477","10,4120637","SI","POINT (10.4120637 45.4536477)"
"321","002508","""ISTITUTO GERIATRICO """"P.REDAELLI""""""","VIA GIACOMO LEOPARDI,3","015242","VIMODRONE","20.055","MI","261","261","690852","AZIENDA DI SERVIZI ALLA PERSONA GOLGI REDAELLI","04737420150","80063990156","VIA BARTOLOMEO D'ALVIANO,78","015146","MILANO","MI","PUBBLICA","45,51774","9,28774","SI","POINT (9.28774 45.51774)"
"326","001608","RSA - EVARISTO ALMICI","VIA SANTUARIO,3","017161","REZZATO","25.086","BS","56","55","690623","""AZIENDA SPECIALE """"EVARISTO ALMICI""""""","02416190987","02416190987","VIA SANTUARIO,3","017161","REZZATO","BS","PUBBLICA","45,5174445","10,3125365","SI","POINT (10.3125365 45.5174445)"
"322","000712","ISTITUTO LA PROVVIDENZA U.G. 3","VIA SAN GIOVANNI BOSCO,3","012026","BUSTO ARSIZIO","21.052","VA","86","86","690792","ISTITUTO LA PROVVIDENZA ONLUS","01279730129","81002690121","VIA SAN GIOVANNI BOSCO,3","012026","BUSTO ARSIZIO","VA","PRIVATA","45,6162","8,85241","SI","POINT (8.85241 45.6162)"
"324","004862","CASA DI RIPOSO SACRA FAMIGLIA ANTONIANI","VIA MONTECCHIO NORD,1","097023","COLICO","23.823","LC","25",,"691783","ISTITUTO DELLE SUORE DELLA SACRA FAMIGLIA","80020470169","80020470169","VIA LUIGIA CORTI,6","016198","SERIATE","BG","PRIVATA","46,14242","9,3756","NO","POINT (9.3756 46.14242)"
"327","001772","""FONDAZIONE """"VILLA S. CUORE C.GI PREYER"""" ONLUS""","VIA PREJER,20","019022","CASALMORANO","26.020","CR","120","120","690460","FONDAZIONE VILLA SACRO CUORE C.GI PREYER ONLUS","00814670196","83001090196","VIA PREJER,20","019022","CASALMORANO","CR","PRIVATA","45,2858907","9,8958396","SI","POINT (9.8958396 45.2858907)"
"326","001640","RSA  LORENZO E GIANNA ZIROTTI","VIA ALLEGRA,2","017169","SALE MARASINO","25.057","BS","94","60","692093","COOPERATIVA SOCIALE SOCIETA' DOLCE SOCIETA' COOPERATIVA","03772490375","03772490375","VIA CRISTINA DA PIZZANO,5","037006","BOLOGNA","BO","PRIVATA","45,7088041","10,1127473","SI","POINT (10.1127473 45.7088041)"
"324","041709","MACHIAVELLI 2","VIA ANTONIO VIVALDI,18","108007","BERNAREGGIO","20.881","MB","40","40","202333","LA VILLA S.P.A.","05548060481","05548060481","VIA BENEDETTO DA FOIANO 14","048017","FIRENZE","FI","PRIVATA","45,64732","9,40779","SI","POINT (9.40779 45.64732)"
"322","000888","RSA FONDAZIONE CASA DI RIPOSO INTERCOMUNALE SARONNO ONLUS","VIA DON VITTORIO VOLPI,4","012119","SARONNO","21.047","VA","108","108","690528","FONDAZIONE CASA DI RIPOSO INTERCOMUNALE - SARONNO ONLUS","02673060121","02673060121","VIA DON VITTORIO VOLPI,4","012119","SARONNO","VA","PRIVATA","45,63445","9,04008999","SI","POINT (9.04008999 45.63445)"
"327","001873","FONDAZIONE CONTESSA RIZZINI ONLUS","VICOLO VOLTO,16","020028","GUIDIZZOLO","46.040","MN","74","60","691318","FONDAZIONE CONTESSA  RIZZINI ONLUS","01334910203","81000190207","VICOLO VOLTO,16","020028","GUIDIZZOLO","MN","PRIVATA","45,3171997","10,5795636","SI","POINT (10.5795636 45.3171997)"
"321","000570","CITTA' DI BOLLATE GIOVANNI PAOLO II","VIA PIAVE,26","015027","BOLLATE","20.021","MI","60","60","130448","GAIA SERVIZI S.R.L.","05932530966","05932530966","PIAZZA ALDO MORO,1","015027","BOLLATE","MI","PRIVATA","45,5403258","9,1181195","SI","POINT (9.1181195 45.5403258)"
"325","001425","FONDAZIONE CASA DI RIPOSO SPIRANO ONLUS","VIA ANTONIO LOCATELLI,25","016206","SPIRANO","24.050","BG","38","38","690554","FONDAZIONE CASA DI RIPOSO SPIRANO ONLUS","01766980161","01766980161","VIA ANTONIO LOCATELLI,25","016206","SPIRANO","BG","PRIVATA","45,581625","9,6666913","SI","POINT (9.6666913 45.581625)"
"328","002194","PII ISTITUTI UNIFICATI","PIAZZALE MONSIGNOR BATTISTA CLERICI,6","018013","BELGIOIOSO","27.011","PV","126","126","690492","PII ISTITUTI UNIFICATI","00478980188","00478980188","PIAZZALE MONSIGNOR BATTISTA CLERICI,6","018013","BELGIOIOSO","PV","PRIVATA","45,15674","9,31378999","SI","POINT (9.31378999 45.15674)"
"323","016369","RSA DI RONCAGLIA DI CIVO","FRAZIONE RONCAGLIA DI SOTTO,114","014022","CIVO","23.010","SO","80","80","142432","LANUOVACOLONIA S.P.A.","00914620141","00914620141","VIA RONCAGLIA DI SOTTO,114","014022","CIVO","SO","PRIVATA","46,1593478","9,5730754","SI","POINT (9.5730754 46.1593478)"
"326","001728","RSA - FONDAZIONE ONLUS CASA DI RIPOSO BEATA CRISTINA","VIA DEI BENEFATTORI,24","017034","CALVISANO","25.012","BS","62","62","690799","FONDAZIONE ONLUS CASA DI RIPOSO BEATA CRISTINA","85001370171","85001370171","VIA DEI BENEFATTORI,24","017034","CALVISANO","BS","PRIVATA","45,3515681","10,3446864","SI","POINT (10.3446864 45.3515681)"
"327","001986","FONDAZIONE GUIDA DR. VENCESLAO O.N.L.U.S.","VIA SESTO,14","019001","ACQUANEGRA CREMONESE","26.020","CR","44","41","690854","FONDAZIONE GUIDA DR. VENCESLAO ETS","00922530191","00922530191","VIA SESTO,10","019001","ACQUANEGRA CREMONESE","CR","PRIVATA","45,1845664","9,8871583","SI","POINT (9.8871583 45.1845664)"
"327","004847","RESIDENZA SANITARIA ASSISTENZIALE MORANDO","PIAZZA ARNOLDO MONDADORI,23 B","020038","OSTIGLIA","46.035","MN","108","108","690713","COOPERATIVA SOCIALE QUADRIFOGLIO S.C. ONLUS","03890320017","03890320017","VIALE SAVORGNAN D'OSOPPO,4/10","001191","PINEROLO","TO","PRIVATA","45,06964237","11,13094387","SI","POINT (11.13094387 45.06964237)"
"328","002140","VILLA ENRICA","VIA MANARA NEGRONE,33","018003","ALBONESE","27.020","PV","75","75","690788","OPERA CHARITAS S. ANNA","01238910184","85002170182","VIA LEONARDO DA VINCI,1","018069","GARLASCO","PV","PRIVATA","45,2950045","8,7083447","SI","POINT (8.7083447 45.2950045)"
"321","000104","RSA CASA FAMIGLIA PER ANZIANI","VIA GIUSEPPE MAZZINI,23","015086","CORMANO","20.032","MI","61","61","690715","FONDAZIONE MANTOVANI ONLUS","11779830154","11779830154","VIA FILIPPO TURATI,37","015007","ARCONATE","MI","PRIVATA","45,54611107","9,15898354","SI","POINT (9.15898354 45.54611107)"
"324","001007","RESIDENZA OASI","VIA BRUNO BUOZZI,6","108008","BESANA IN BRIANZA","20.842","MB","66","66","132768","LIEBENAU IMPRESA SOCIALE  SRL","02912190218","02912190218","VIA COLOGNA,1","021008","BOLZANO","BZ","PRIVATA","45,7043742","9,2934522","SI","POINT (9.2934522 45.7043742)"
"322","000793","RESIDENZA GIANNINA SCOTTI","VIA AVVOCATO FRANCO BASSANI,13","012087","LAVENO-MOMBELLO","21.014","VA","103","103","690440","CENTRO RESIDENZIALE PER ANZIANI MENOTTI BASSANI","01319900120","01319900120","VIA AVVOCATO FRANCO BASSANI,13","012087","LAVENO-MOMBELLO","VA","PRIVATA","45,90583","8,61455","SI","POINT (8.61455 45.90583)"
"326","001613","RSA - CASA ALBERGO PER ANZIANI","VIALE GUGLIELMO MARCONI,115","017113","MONTICHIARI","25.018","BS","100","81","691718","MONTICHIARI MULTISERVIZI S.R.L.","02508380983","02508380983","PIAZZA SENATORE MARIO PEDINI,1","017113","MONTICHIARI","BS","PRIVATA","45,4110448","10,3877457","SI","POINT (10.3877457 45.4110448)"
"325","001364","CASA DI RIPOSO SAN GIUSEPPE","VIA DANTE ALIGHIERI,25","016111","GAZZANIGA","24.025","BG","66","60","112504","FONDAZIONE CASA S. GIUSEPPE - ONLUS","03935900161","03935900161","VIA DANTE ALIGHIERI,25","016111","GAZZANIGA","BG","PRIVATA","45,79756","9,83644","SI","POINT (9.83644 45.79756)"
"326","001646","RSA - ""MADRE TERESA DI CALCUTTA""","VIA GIUSEPPE VERDI,42","017174","SAREZZO","25.068","BS","67","48","690592","COMUNE DI SAREZZO","00582490983","00852210178","PIAZZA CESARE BATTISTI,4","017174","SAREZZO","BS","PUBBLICA","45,6569062","10,2012663","SI","POINT (10.2012663 45.6569062)"
"326","001745","RSA RESIDENZA GLI ULIVI","VIA S.ZANE,10","017170","SALO'","25.087","BS","129","120","690584","FONDAZIONE CITTA' DI  SALO'","00726460983","87000750171","VIA FRANCESCO ZANE,10","017170","SALO'","BS","PRIVATA","45,61032","10,53727","SI","POINT (10.53727 45.61032)"
"328","002110","RESIDENZA LA TUA CASA","LOCALITA STEFANO 1","018049","CIGOGNOLA","27.040","PV","97","97","690432","IL FOCOLARE S.R.L.","02289720183","02289720183","LOCALITA' STEFANO,1","018049","CIGOGNOLA","PV","PRIVATA","45,05407999","9,244645","SI","POINT (9.244645 45.05407999)"
"325","001282","RSA PAPA GIOVANNI PAOLO I","VIA CESARE BATTISTI,3","016198","SERIATE","24.068","BG","70","70","690506","UNIVERSIIS SOCIETA' COOPERATIVA SOCIALE","01818390302","01818390302","VIA CIVIDINA,41/A","030129","UDINE","UD","PRIVATA","45,6844115","9,7203462","SI","POINT (9.7203462 45.6844115)"
"326","001474","RSA - FONDAZIONE ONLUS ""LONGINI - MORELLI-SIRONI DI PRALBOINO""","VIA MORELLI,10","017152","PRALBOINO","25.020","BS","84","81","690616","FONDAZIONE ONLUS LONGINI MORELLI DI PRALBOINO","00621130988","88003570178","VIA MORELLI,10","017152","PRALBOINO","BS","PRIVATA","45,26634","10,21852","SI","POINT (10.21852 45.26634)"
"321","000026","RSA CASA SAN GIUSEPPE","VIA DELLE ANDE,11","015146","MILANO","20.151","MI","120","120","690777","ASSOCIAZIONE MONTE TABOR","03271350153","03271350153","VIA OLGETTINA,46","015146","MILANO","MI","PRIVATA","45,4950114","9,1273283","SI","POINT (9.1273283 45.4950114)"
"325","001326","FONDAZIONE CASA DI RIPOSO VILLA DELLA PACE","VIA CONTE PINO ZANCHI,10","016207","STEZZANO","24.040","BG","78","72","690555","FONDAZIONE CASA DI RIPOSO VILLA DELLA PACE","00809620164","80024250161","VIA CONTE PINO ZANCHI,10","016207","STEZZANO","BG","PRIVATA","45,6524052","9,6496154","SI","POINT (9.6496154 45.6524052)"
"321","000457","FONDAZIONE N. MARIO LAMPUGNANI","CORSO SEMPIONE,2","015154","NERVIANO","20.014","MI","86","84","690638","FONDAZIONE N. MARIO LAMPUGNANI","06807360158","86501980154","CORSO SEMPIONE,2","015154","NERVIANO","MI","PRIVATA","45,5569582","8,9784104","SI","POINT (8.9784104 45.5569582)"
"324","001098","RSA LUIGI PORRO","VIALE TRIESTE,1","108005","BARLASSINA","20.825","MB","76","76","690490","CONSORZIO SANLAB","03083950133","03083950133","VIA PADRE GIUSEPPE MASCIADRI,2/H","013143","MARIANO COMENSE","CO","PRIVATA","45,65506","9,13214","SI","POINT (9.13214 45.65506)"
"322","000807","RSA SANT'ANDREA","VIA ANDREA BUTTAFAVA,15","012040","CASSANO MAGNAGO","21.012","VA","60","60","200643","INSUBRIUM S.R.L.","02825570027","02825570027","VIA VERCELLI, 23","002031","CARESANABLOT","VC","PRIVATA","45,67676","8,82727","SI","POINT (8.82727 45.67676)"
"322","002737","CASA ANZIANI INTERCOMUNALE","VIA SOMAZZO,7","013256","UGGIATE CON RONAGO","22.029","CO","106","104","690473","AZIENDA SPECIALE CONSORTILE CASA ANZIANI INTERCOMUNALE","01750930131","01750930131","VIA SOMAZZO,7","013256","UGGIATE CON RONAGO","CO","PUBBLICA","45,8261598","8,9596728","SI","POINT (8.9596728 45.8261598)"
"323","000950","FONDAZIONE CASA DI RIPOSO MADONNA DELLA NEVE ETS","LARGO DON AMBROGIO REDAELLI,3","014020","CHIURO","23.030","SO","60","60","690431","""FONDAZIONE CASA DI RIPOSO """"MADONNA DELLA NEVE"""" ONLUS""","00709890149","80000320145","LARGO DON AMBROGIO REDAELLI,3","014020","CHIURO","SO","PRIVATA","46,17008","9,98928","SI","POINT (9.98928 46.17008)"
"326","001666","RSA - CASA DI RIPOSO CENACOLO ELISA BALDO","VIA ELISA BALDO,13","017077","GAVARDO","25.085","BS","42","37","690734","ENTE MORALE CENACOLO ELISA BALDO","00465200178","00465200178","VIA TRIESTE,13","017029","BRESCIA","BS","PRIVATA","45,5838969","10,4390826","SI","POINT (10.4390826 45.5838969)"
"321","000249","RESIDENZA NAVIGLI","VIA CARLO ROBERTO DARWIN,17","015146","MILANO","20.143","MI","87","87","691497","KOS CARE S.R.L.","01148190547","01148190547","VIA DURINI,9","015146","MILANO","MI","PRIVATA","45,4453589","9,1748247","SI","POINT (9.1748247 45.4453589)"
"324","001120","CASA DI RIPOSO LA MADONNINA","VIA ATTILIO GIORDANI,1","097008","BELLANO","23.822","LC","18","18","148412","LA MUGGIASCA COOPERATIVA DI SOLIDARIETA' A R.L.","01719400135","01719400135","VIA ATTILIO GIORDANI,1","097008","BELLANO","LC","PRIVATA","46,04371","9,30257","SI","POINT (9.30257 46.04371)"
"323","000916","CASA DI RIPOSO CITTA' DI SONDRIO","VIA DON LUIGI GUANELLA,36","014061","SONDRIO","23.100","SO","155","155","691255","FONDAZIONE CASA DI RIPOSO CITTA' DI SONDRIO","00401580147","80000270142","VIA DON LUIGI GUANELLA,36","014061","SONDRIO","SO","PRIVATA","46,16346","9,86489","SI","POINT (9.86489 46.16346)"
"321","000680","RSA GIUSEPPE GEROSA BRICHETTO","VIA MECENATE,96","015146","MILANO","20.138","MI","120","120","127270","C.A.D.I.A.I. COOPERATIVA SOCIALE","00672690377","00672690377","VIA PAOLO BOVI CAMPEGGI,2/4","037006","BOLOGNA","BO","PRIVATA","45,4502058","9,2509956","SI","POINT (9.2509956 45.4502058)"
"322","002862","IDA PARRAVICINI DI PERSIA","VIA CAROLINA PULICI,31","013004","ALBESE CON CASSANO","22.032","CO","51","51","690860","FONDAZIONE IDA PARRAVICINI DI PERSIA ONLUS","82003290135","82003290135","VIA CAROLINA PULICI,31","013004","ALBESE CON CASSANO","CO","PRIVATA","45,79727","9,16811","SI","POINT (9.16811 45.79727)"
"321","000462","""RSA """"DOTT. MARIO LEONE""""""","VIA SAN BERNARDO,4","015144","MESERO","20.010","MI","60","60","690790","COOPERATIVA SOCIALE COOPSELIOS SOCIETA' COOPERATIVA ONLUS","01164310359","01164310359","VIA ANTONIO GRAMSCI,54/S","035033","REGGIO NELL'EMILIA","RE","PRIVATA","45,50036139","8,85421651","SI","POINT (8.85421651 45.50036139)"
"324","001096","RSA VILLA CENACOLO","PIAZZA SAN VITO,33","108054","LENTATE SUL SEVESO","20.823","MB","103","103","691227","CENTRO DELL'ANZIANO S.R.L.","00920220969","08672380154","VIA SAN DONATO,97","001272","TORINO","TO","PRIVATA","45,6780727","9,1214406","SI","POINT (9.1214406 45.6780727)"
"326","001560","RSA LE RONDINI","VIA CAVALIERE DEL LAVORO UMBERTO GNUTTI,4","017096","LUMEZZANE","25.065","BS","125","120","691127","FONDAZIONE LE RONDINI CITTA' DI LUMEZZANE ONLUS","03024390985","92013290173","VIA CAVALIERE DEL LAVORO UMBERTO GNUTTI,4","017096","LUMEZZANE","BS","PRIVATA","45,65213","10,25083","SI","POINT (10.25083 45.65213)"
"321","032203","IL PALIO","VIA PAPA PIO XI,14","015118","LEGNANO","20.025","MI","86","86","136089","RSA OASI CERRO SRL","09986470962","09986470962","VIA PORLEZZA,8","015146","MILANO","MI","PRIVATA","45,59814","8,92464003","SI","POINT (8.92464003 45.59814)"
"326","001475","RSA - FONDAZIONE ""NOBILE ANNIBALE MAGGI VIA ONLUS""","VIA CASTELLO,1","017177","SENIGA","25.020","BS","50","42","690712","""FONDAZIONE """"NOBILE MAGGI VIA"""" - ONLUS""","00727450983","88004050170","VIA CASTELLO,1","017177","SENIGA","BS","PRIVATA","45,24093","10,1757","SI","POINT (10.1757 45.24093)"
"322","000810","RESIDENZA ANGELO BELLORA","VIA ARNALDO AGNELLI,7","012070","GALLARATE","21.013","VA","54","54","690727","FONDAZIONE BELLORA ONLUS","01837120128","82005470123","PIAZZA GIOVANE ITALIA,1","012070","GALLARATE","VA","PRIVATA","45,65446","8,78807","SI","POINT (8.78807 45.65446)"
"325","001411","FONDAZIONE DON STEFANO PALLA ONLUS","VIA MONTE SOLE,2","016164","PIAZZA BREMBANA","24.014","BG","89","87","691148","FONDAZIONE DON STEFANO PALLA ONLUS","02221610161","02221610161","VIA MONTE SOLE,2","016164","PIAZZA BREMBANA","BG","PRIVATA","45,9465383","9,6778978","SI","POINT (9.6778978 45.9465383)"
"328","002016","SAN FORTUNATO","VIA CAMILLO BENSO CAVOUR,6","018033","CASEI GEROLA","27.050","PV","68","68","690506","UNIVERSIIS SOCIETA' COOPERATIVA SOCIALE","01818390302","01818390302","VIA CIVIDINA,41/A","030129","UDINE","UD","PRIVATA","45,0055004","8,92686","SI","POINT (8.92686 45.0055004)"
"323","000966","RSA FONDAZIONE MONS. GIACOMO CARETTONI ETS","VIA ROMA,100","017148","PONTE DI LEGNO","25.056","BS","82","61","690611","FONDAZIONE MONS. GIACOMO CARETTONI ONLUS","02502600980","81003050176","VIA ROMA,100","017148","PONTE DI LEGNO","BS","PRIVATA","46,25533","10,49772","SI","POINT (10.49772 46.25533)"
"322","004838","FONDAZIONE RSA GARIBALDI POGLIANI ONLUS SEDE 3 FOSSANO","VIA GINEVRINA DA FOSSANO,20","013041","CANTU'","22.063","CO","120","120","690802","FONDAZIONE R.S.A. GARIBALDI POGLIANI ONLUS","01798350136","81002570133","VIA FRATELLI GALIMBERTI,4","013041","CANTU'","CO","PRIVATA","45,7377779","9,135774","SI","POINT (9.135774 45.7377779)"
"328","002111","RIVA DEL TEMPO","VIA LEONARDO DA VINCI,2","018122","RIVANAZZANO TERME","27.055","PV","23","23","690535","RIVA DEL TEMPO S.R.L.","12128600157","12128600157","VIA MERIGGIA,6","015211","SETTIMO MILANESE","MI","PRIVATA","44,92883","9,02196","SI","POINT (9.02196 44.92883)"
"322","000863","RESIDENZA ISPRA RELAIS","VIA BELVEDERE,40","012084","ISPRA","21.027","VA","90","80","690439","MARINER UNO SRL","06073260157","80081110159","CORSO DI PORTA ROMANA,54","015146","MILANO","MI","PRIVATA","45,8221674","8,6151314","SI","POINT (8.6151314 45.8221674)"
"326","001641","RSA DI VIA VERONICA GAMBARA N. 20","VIA LATTANZIO GAMBARA,20","017125","ORZINUOVI","25.034","BS","111","103","690650","FONDAZIONI RIUNITE ONLUS DELLA BASSA BRESCIANA OCCIDENTALE","00726090988","86000210178","VIA V.GAMBARA,20","017125","ORZINUOVI","BS","PRIVATA","45,4039596","9,9224203","SI","POINT (9.9224203 45.4039596)"
"321","000290","RSA LA PICCOLA CASA DEL RIFUGIO","VIA GIACOMO ANTONINI,3","015146","MILANO","20.141","MI","263","263","690419","LA PICCOLA CASA DEL RIFUGIO","08634020153","80070250156","VIA GIACOMO ANTONINI,3","015146","MILANO","MI","PRIVATA","45,4374343","9,1892325","SI","POINT (9.1892325 45.4374343)"
"325","001357","OPERA PIA CARITAS - ONLUS R.S.A. CASA MONS. G. SPERANZA","VIALE MARTIRI DELLA LIBERTA',6","016246","ZOGNO","24.019","BG","113","113","170453","FONDAZIONE SAN LORENZO- OPERA PIA CARITAS ONLUS","04410980165","04410980165","VIALE MARTIRI DELLA LIBERTA',6","016246","ZOGNO","BG","PRIVATA","45,7939","9,66625","SI","POINT (9.66625 45.7939)"
"321","000096","ISTITUTO GERIATRICO P. REDAELLI","VIA BARTOLOMEO D'ALVIANO,78","015146","MILANO","20.146","MI","310","310","690852","AZIENDA DI SERVIZI ALLA PERSONA GOLGI REDAELLI","04737420150","80063990156","VIA BARTOLOMEO D'ALVIANO,78","015146","MILANO","MI","PUBBLICA","45,4595933","9,1381581","SI","POINT (9.1381581 45.4595933)"
"321","097382","RSA ARBOREA","VIA RITA LEVI MONTALCINI,1","098032","LODI VECCHIO","26.855","LO","120",,"692369","CODESS SOCIALE SOCIETA' COOPERATIVA SOCIALE","03174760276","03174760276","VIA GIOVANNI BOCCACCIO,96","028060","PADOVA","PD","PRIVATA","45,30243","9,41875","NO","POINT (9.41875 45.30243)"
"322","000752","ISTITUTO CAVALIER FRANCESCO MENOTTI","VIA GARIBALDI MENOTTI,15","012027","CADEGLIANO-VICONAGO","21.031","VA","167","167","690794","ISTITUTO CAVALIER FRANCESCO MENOTTI","01171300120","01171300120","VIA GARIBALDI MENOTTI,15","012027","CADEGLIANO-VICONAGO","VA","PRIVATA","45,9562","8,84406","SI","POINT (8.84406 45.9562)"
"326","001572","RSA - DON AMBROGIO CACCIAMATTA","VIA PER ROVATO,13/D","017085","ISEO","25.049","BS","114","105","690677","DON AMBROGIO CACCIAMATTA - FRATELLI GUERINI ONLUS","03595720172","80016110175","VIA PER ROVATO,13/D","017085","ISEO","BS","PRIVATA","45,65636","10,04071","SI","POINT (10.04071 45.65636)"
"328","004800","TORRE DELLA ROCCHETTA","VIA VIGALFO,20","018004","ALBUZZANO","27.010","PV","66","66","122970","TORRE DELLA ROCCHETTA","02398230181","02398230181","PIAZZA TORRE DELLA ROCCHETTA,1","018004","ALBUZZANO","PV","PRIVATA","45,1955559","9,2831793","SI","POINT (9.2831793 45.1955559)"
"324","001198","RSA FONDAZIONE DON CARLO GNOCCHI ONLUS - CENTRO RONZONI VILLA","VIALE PIAVE,12","108039","SEREGNO","20.831","MB","92","92","690451","FONDAZIONE DON CARLO GNOCCHI ONLUS","12520870150","04793650583","VIA CARLO GIROLA,30","015146","MILANO","MI","PRIVATA","45,65548","9,19396","SI","POINT (9.19396 45.65548)"
"324","001115","R.S.A. VILLA SERENA","PIAZZALE ACHILLE GRANDI,1","097036","GALBIATE","23.851","LC","184","184","690672","KCS CAREGIVER COOPERATIVA SOCIALE","02125100160","02125100160","ROTONDA DEI MILLE,1","016024","BERGAMO","BG","PRIVATA","45,792","9,36878","SI","POINT (9.36878 45.792)"
"324","001130","RSA CORTE BRIANTEA","VIA ITALIA,70","108034","MUGGIO'","20.835","MB","100","100","690692","COOP. SOC. RAGGIO VERDE A.R.L.","03099160966","03099160966","VIA ITALIA,70","108034","MUGGIO'","MB","PRIVATA","45,59194708","9,21916118","SI","POINT (9.21916118 45.59194708)"
"324","041708","MACHIAVELLI 1","VIA ANTONIO VIVALDI,14","108007","BERNAREGGIO","20.881","MB","120","120","202333","LA VILLA S.P.A.","05548060481","05548060481","VIA BENEDETTO DA FOIANO 14","048017","FIRENZE","FI","PRIVATA","45,64732","9,40779","SI","POINT (9.40779 45.64732)"
"321","000179","SANTA GIULIA","VIA RICCARDO PITTERI,81","015146","MILANO","20.134","MI","145","145","691212","SEGESTA GESTIONI SRL","04140620966","04140620966","VIALE CASSALA,22","015146","MILANO","MI","PRIVATA","45,4778355","9,2465586","SI","POINT (9.2465586 45.4778355)"
"321","000013","CASA DI RIPOSO L. ACCORSI","VIA CARLO GUIDI,15","015118","LEGNANO","20.025","MI","100","100","690672","KCS CAREGIVER COOPERATIVA SOCIALE","02125100160","02125100160","ROTONDA DEI MILLE,1","016024","BERGAMO","BG","PRIVATA","45,60388","8,93628","SI","POINT (8.93628 45.60388)"
"327","001777","RSA CASA PACE","VIA CARLO MONTANARI,20","020030","MANTOVA","46.100","MN","53","53","100880","CORESS SOCIETA' COOPERATIVA SOCIALE","01068200359","01068200359","VIA GIANNINO DEGANI, 1","035033","REGGIO NELL'EMILIA","RE","PRIVATA","45,16196","10,797","SI","POINT (10.797 45.16196)"
"321","000602","RSA ISTITUTO PALAZZOLO","VIA DON LUIGI PALAZZOLO,21","015146","MILANO","20.149","MI","578","578","690451","FONDAZIONE DON CARLO GNOCCHI ONLUS","12520870150","04793650583","VIA CARLO GIROLA,30","015146","MILANO","MI","PRIVATA","45,4894283","9,1444404","SI","POINT (9.1444404 45.4894283)"
"322","038327","I LAGHI","VIA MOLINO,SNC","013157","MONTORFANO","22.030","CO","80","80","136089","RSA OASI CERRO SRL","09986470962","09986470962","VIA PORLEZZA,8","015146","MILANO","MI","PRIVATA","45,7833236","9,1491222","SI","POINT (9.1491222 45.7833236)"
"325","001445","FONDAZIONE SAN GIUSEPPE","VIALE ANTONIO LOCATELLI,6","016091","DALMINE","24.044","BG","119","119","690506","UNIVERSIIS SOCIETA' COOPERATIVA SOCIALE","01818390302","01818390302","VIA CIVIDINA,41/A","030129","UDINE","UD","PRIVATA","45,64696","9,60402","SI","POINT (9.60402 45.64696)"
"323","002884","RSA IL GIARDINO SUL LAGO","VIALE GIUSEPPE GARIBALDI,24","013090","DONGO","22.014","CO","66","66","690426","FONDAZIONE ENRICO FALK - ETS","00701890139","00701890139","VIALE GIUSEPPE GARIBALDI,24","013090","DONGO","CO","PRIVATA","46,12319358","9,28163979","SI","POINT (9.28163979 46.12319358)"
"326","003363","RSA - CASA DI RIPOSO G.B. VALOTTI - ONLUS","VIA GIOACHINO ROSSINI,3","017086","ISORELLA","25.010","BS","46","40","690437","FONDAZIONE CASA DI RIPOSO G.B. VALOTTI - ONLUS","00582390985","00851720177","VIA GIOACHINO ROSSINI,3","017086","ISORELLA","BS","PRIVATA","45,3075937","10,328167","SI","POINT (10.328167 45.3075937)"
"325","001403","FONDAZIONE DOMUS E.D.E.R.A.","VIA VITTORIO EMANUELE II,227","016101","FONTANELLA","24.056","BG","58","56","690664","FONDAZIONE DOMUS E.D.E.R.A.","03089370161","03089370161","VIA VITTORIO EMANUELE II,227","016101","FONTANELLA","BG","PRIVATA","45,472056","9,7991738","SI","POINT (9.7991738 45.472056)"
"321","000375","RSA FAMAGOSTA","VIA ANTONIO DI RUDINI',3","015146","MILANO","20.142","MI","285","285","690681","NUOVA ASSISTENZA- SOCIETA' COOPERATIVA SOCIALE ONLUS","01684780032","06902520011","VIA BAVENO,4","003106","NOVARA","NO","PRIVATA","45,4328133","9,1590887","SI","POINT (9.1590887 45.4328133)"
"325","001322","FONDAZIONE CASA DI RIPOSO DI PONTE SAN PIETRO O.N.L.U.S.","VIA GIACOMO MATTEOTTI,5","016170","PONTE SAN PIETRO","24.036","BG","103","85","690614","FONDAZIONE CASA DI RIPOSO DI PONTE SAN PIETRO ONLUS","01837860160","82000550168","VIA GIACOMO MATTEOTTI,5","016170","PONTE SAN PIETRO","BG","PRIVATA","45,6981451","9,5864293","SI","POINT (9.5864293 45.6981451)"
"328","002066","RSA 2 ASP CARLO PEZZANI","VIALE DELLA REPUBBLICA,86","018182","VOGHERA","27.058","PV","68","68","691447","A.S.P. CARLO PEZZANI","00990490187","86000150184","VIALE DELLA REPUBBLICA,86","018182","VOGHERA","PV","PUBBLICA","44,9845356","9,0086207","SI","POINT (9.0086207 44.9845356)"
"327","001953","RSA BEATA PAOLA","PIAZZA CANTARANA,18","020070","VOLTA MANTOVANA","46.049","MN","118","118","691102","SOLIDARIETA' SRL","02245740200","02245740200","VIA MANTOVA,6","020071","BORGO VIRGILIO","MN","PRIVATA","45,32052","10,66156","SI","POINT (10.66156 45.32052)"
"325","003567","RSA FONDAZIONE BUONOMO CACCIAMATTA 1836","VIA SAN ROCCO,SNC","016211","TAVERNOLA BERGAMASCA","24.060","BG","60","60","691816","CACCIAMATTA SRL","03492560168","03492560168","VIA SAN ROCCO,SNC","016211","TAVERNOLA BERGAMASCA","BG","PRIVATA","45,7117534","10,043135","SI","POINT (10.043135 45.7117534)"
"324","001000","CASA DI RIPOSO FONDAZIONE FRATELLI ENRICO E ANTONIO NOBILI - ONLUS","VIA RISORGIMENTO,12","097090","VIGANO'","23.897","LC","44","44","690521","CASA DI RIPOSO FONDAZIONE FRATELLI ENRICO E ANTONIO NOBILI - ONLUS","00691680136","85001400135","VIA RISORGIMENTO,12","097090","VIGANO'","LC","PRIVATA","45,7255424","9,326315","SI","POINT (9.326315 45.7255424)"
"321","000477","SEN. C. PERINI","VIA CARROCCIO,1","015182","RHO","20.017","MI","260","243","691454","FONDAZIONE GIUSEPPE RESTELLI ONLUS","08938040154","86503120155","VIA CARROCCIO,1","015182","RHO","MI","PRIVATA","45,5379791","9,033309","SI","POINT (9.033309 45.5379791)"
"321","000533","RESIDENZE SACCARDO               EDIFICIO B","VIA PIETRO ANDREA SACCARDO,47","015146","MILANO","20.134","MI","100","100","691212","SEGESTA GESTIONI SRL","04140620966","04140620966","VIALE CASSALA,22","015146","MILANO","MI","PRIVATA","45,4818126","9,2444925","SI","POINT (9.2444925 45.4818126)"
"321","000623","FONDAZIONE OPERA PIA FRANCESCA  COLLEONI DE MAESTRI ONLUS","VIA BARTOLOMEO COLLEONI,5","015062","CASTANO PRIMO","20.022","MI","110","110","691203","OPERA PIA FRANCESCA COLLEONI DE MAESTRI - IMPRESA SOCIALE","03690110154","03690110154","VIA BARTOLOMEO COLLEONI,5","015062","CASTANO PRIMO","MI","PRIVATA","45,55206","8,77332","SI","POINT (8.77332 45.55206)"
"328","002103","FONDAZIONE VARNI AGNETTI","STRADA ARDIVESTRA,3","018073","GODIASCO SALICE TERME","27.052","PV","88","84","691105","FONDAZIONE VARNI AGNETTI E.T.S.","01664350186","01664350186","STRADA ARDIVESTRA,5","018073","GODIASCO SALICE TERME","PV","PRIVATA","44,8950179","9,0602159","SI","POINT (9.0602159 44.8950179)"
"321","000048","R.S.A. VIA BARONI","VIA COSTANTINO BARONI,57/A","015146","MILANO","20.142","MI","100","100","690790","COOPERATIVA SOCIALE COOPSELIOS SOCIETA' COOPERATIVA ONLUS","01164310359","01164310359","VIA ANTONIO GRAMSCI,54/S","035033","REGGIO NELL'EMILIA","RE","PRIVATA","45,4065746","9,170114","SI","POINT (9.170114 45.4065746)"
"326","001536","FONDAZIONE LUCINI-CANTU' ONLUS","VIA SAN MARTINO DELLA BATTAGLIA,21","017166","ROVATO","25.038","BS","76","70","690548","FONDAZIONE LUCINI CANTU' ONLUS","00724560982","82001610177","VIA SAN MARTINO DELLA BATTAGLIA,21","017166","ROVATO","BS","PRIVATA","45,56262","10,00118","SI","POINT (10.00118 45.56262)"
"322","002709","VILLA DOSSEL","VIA MAZZANO,SNC","013037","CAGLIO","22.030","CO","60","60","691806","PUNTO SERVICE - COOPERATIVA SOCIALE A R.L","01645790021","01645790021","VIA VERCELLI,23/A","002031","CARESANABLOT","VC","PRIVATA","45,8688249","9,2388584","SI","POINT (9.2388584 45.8688249)"
"321","000675","RSA IL NUOVO FOCOLARE DI S. MARIA DI LORETO","VIA PADRE GIOVAN BATTISTA MARTINI,29","015146","MILANO","20.131","MI","78","74","690654","IL NUOVO FOCOLARE DI S. M. DI LORETO","12751590154","12751590154","VIA PADRE GIOVAN BATTISTA MARTINI,29","015146","MILANO","MI","PRIVATA","45,487728","9,2287342","SI","POINT (9.2287342 45.487728)"
"322","096271","ZAFFIRO RSA SMERALDO","VIA ENRICO TAZZOLI,1","013048","CARUGO","22.060","CO","120","120","159772","ZAFFIRO NORD S.R.L.","02881800300","02881800300","VIA MELCHIORRE GIOIA,121","015146","MILANO","MI","PRIVATA","45,7116727","9,1937035","SI","POINT (9.1937035 45.7116727)"
"322","002751","SAN GIULIO","VIA RONCHETTO,9","013022","BEREGAZZO CON FIGLIARO","22.070","CO","120","120","690869","CROCE DI MALTA SRL","03653930960","03653930960","VIALE CASSALA,22","015146","MILANO","MI","PRIVATA","45,7779549","8,9510664","SI","POINT (8.9510664 45.7779549)"
"324","001165","RSA FONDAZIONE GIUSEPPINA SCOLA - ONLUS","VIA CAMILLO BENSO CAVOUR,27","108008","BESANA IN BRIANZA","20.842","MB","165","165","690828","FONDAZIONE G. SCOLA ONLUS","00985740968","83000310157","VIA CAMILLO BENSO CAVOUR,27","108008","BESANA IN BRIANZA","MB","PRIVATA","45,68374","9,29336","SI","POINT (9.29336 45.68374)"
"321","000285","R.S.A. SANTA SARA","VIA ANTON GIULIO BARRILI,6","015146","MILANO","20.141","MI","70","70","690713","COOPERATIVA SOCIALE QUADRIFOGLIO S.C. ONLUS","03890320017","03890320017","VIALE SAVORGNAN D'OSOPPO,4/10","001191","PINEROLO","TO","PRIVATA","45,4338582","9,1748068","SI","POINT (9.1748068 45.4338582)"
"321","090282","RSA ADRIANO","VIA PUBLIO ELIO ADRIANO,109","015146","MILANO","20.128","MI","120","120","691715","PRO.GES. - SOCIETA' COOPERATIVA SOCIALE","01534890346","01534890346","VIA COLORNO,63","034027","PARMA","PR","PRIVATA","45,5178962","9,2439767","SI","POINT (9.2439767 45.5178962)"
"326","001494","RSA - ALESSANDRO LUZZAGO","VIA LAMA,67","017029","BRESCIA","25.133","BS","138","120","690754","FONDAZIONE CASA DI DIO ONLUS","02467380982","02467380982","VIA MORETTO,4","017029","BRESCIA","BS","PRIVATA","45,5684336","10,2464067","SI","POINT (10.2464067 45.5684336)"
"327","001818","R.S.A. VILLA MADDALENA","VIA CESARE BATTISTI,17","020026","GOITO","46.044","MN","128","120","690452","C.S.A. COOPERATIVA SERVIZI ASSISTENZIALI - SOCIETA' COOPERATIVA SOCIALE","01697440202","01697440202","VIA GELSO,8","020030","MANTOVA","MN","PRIVATA","45,25649","10,66803","SI","POINT (10.66803 45.25649)"
"325","001331","RSA SOVERE","VIA SENATORE SILVESTRI,2","016204","SOVERE","24.060","BG","101","101","690689","FONDAZIONE BOTTAINI DE' CAPITANI ONLUS","00121570162","00121570162","VIA SENATORE SILVESTRI,2","016204","SOVERE","BG","PRIVATA","45,82096","10,02247","SI","POINT (10.02247 45.82096)"
"326","001538","RSA - ISTITUTO BASSANO CREMONESINI PER PERSONE CON DISABILITA' PSICHICA ETS","VIA ROMA,1","017149","PONTEVICO","25.026","BS","180","180","690687","ISTITUTO BASSANO CREMONESINI PER DISABILI PSICHICHE ONLUS","88002090178","88002090178","VIA ROMA,1","017149","PONTEVICO","BS","PRIVATA","45,27163","10,08566","SI","POINT (10.08566 45.27163)"
"323","000952","RSA TOMASO AMBROSETTI","VIA PIETRO PAOLO PARRAVICINI,16","014045","MORBEGNO","23.017","SO","80","80","690604","FONDAZIONE CASA DI RIPOSO AMBROSETTI PARAVICINI ONLUS","00539680140","00539680140","VIA PIETRO PAOLO PARRAVICINI 16","014045","MORBEGNO","SO","PRIVATA","46,1342","9,57245","SI","POINT (9.57245 46.1342)"
"328","002185","RESIDENZA I GIGLI","VIA CAVOUR/ANGOLO VIA MADONNA 47","018027","CANDIA LOMELLINA","27.031","PV","22","22","690801","ANTEO COOPERATIVA SOCIALE ONLUS","01758780025","01758780025","VIA FELICE PIACENZA 11","096004","BIELLA","BI","PRIVATA","45,17779","8,59216","SI","POINT (8.59216 45.17779)"
"327","001904","RSA VILLA AURELIA","VIA OGLIO,122","020031","MARCARIA","46.010","MN","103","98","690632","COOPERATIVA LA PROVVIDENZA SOCIETA' COOPERATIVA","03007980232","03007980232","VIA CAVOUR,38","023096","VILLAFRANCA DI VERONA","VR","PRIVATA","45,1107346","10,5688335","SI","POINT (10.5688335 45.1107346)"
"322","002736","CASA DI RIPOSO VALLARDI ETS","VIA ABATE POZZONE,2","013010","APPIANO GENTILE","22.070","CO","71","70","690865","CASA DI RIPOSO VALLARDI ETS","09905400157","80064030150","VIA ABATE POZZONE,2","013010","APPIANO GENTILE","CO","PRIVATA","45,7386206","8,9806518","SI","POINT (8.9806518 45.7386206)"
"322","002746","FONDAZIONE RSA GARIBALDI POGLIANI ONLUS","VIA ANDREA CAMUZIO,6","013043","CAPIAGO INTIMIANO","22.070","CO","60","60","690802","FONDAZIONE R.S.A. GARIBALDI POGLIANI ONLUS","01798350136","81002570133","VIA FRATELLI GALIMBERTI,4","013041","CANTU'","CO","PRIVATA","45,76798","9,12478","SI","POINT (9.12478 45.76798)"
"322","000837","RESIDENZA LAGO MAGGIORE","FRAZIONE VIA SANFIDEG,1","012114","PORTO VALTRAVAGLIA","21.010","VA","103","100","105007","MARINER UNO S.R.L.","05433160966","05433160966","CORSO DI PORTA ROMANA,54","015146","MILANO","MI","PRIVATA","45,96045","8,69395","SI","POINT (8.69395 45.96045)"
"327","004729","R.S.A. BONI 2","VIALE LUIGI CADORNA,4","020065","SUZZARA","46.029","MN","80","80","690557","FONDAZIONE LUIGI BONI ONLUS","01571920204","82002170205","VIALE LUIGI CADORNA,4","020065","SUZZARA","MN","PRIVATA","44,9879518","10,7435041","SI","POINT (10.7435041 44.9879518)"
"322","002778","ISTITUTO SUORE GIUSEPPINE","VIA BORGO VICO,6","013075","COMO","22.100","CO","77","75","690844","SAN GIUSEPPE SOCIETA' COOPERATIVA SOCIALE ONLUS","02082110137","02082110137","VIA BORGO VICO,6","013075","COMO","CO","PRIVATA","45,81026","9,07395","SI","POINT (9.07395 45.81026)"
"328","004752","R.S.A. LA FILANDA","VIA XXIV MAGGIO,31","018114","PIEVE PORTO MORONE","27.017","PV","40","40","201808","PERALBA HEALTH CARE S.P.A.","05534470264","05534470264","VIA DEI DA PRATA 14","026086","TREVISO","TV","PRIVATA","45,1086257","9,4447536","SI","POINT (9.4447536 45.1086257)"
"322","000796","CASA DI RIPOSO SAN GAETANO","VIA GIUSEPPE MAZZINI,14","012124","SUMIRAGO","21.040","VA","91","91","691166","PROVINCIA ITALIANA DELLA CONGREGAZIONE DEI SERVI DELLA CARITA' - OPERA DON GUANELLA","01084241007","02595400587","VICOLO CLEMENTI,41","058091","ROMA","RM","PRIVATA","45,7549503","8,78718","SI","POINT (8.78718 45.7549503)"
"324","001171","RSA SAN FRANCESCO","VIA PREALPI,1/A","108035","NOVA MILANESE","20.834","MB","150","150","691480","SAN FRANCESCO SOCIETA' COOPERATIVA SOCIALE","03343390963","03343390963","VIA PREALPI,1/A","108035","NOVA MILANESE","MB","PRIVATA","45,5943","9,20588","SI","POINT (9.20588 45.5943)"
"324","001156","FONDAZIONE CASA DEL CIECO MONS. EDOARDO GILARDI ONLUS","VIA NAZARIO SAURO,5","097022","CIVATE","23.862","LC","95","60","690755","FONDAZIONE CASA DEL CIECO MONS. EDOARDO GILARDI ONLUS","02051000137","02340430152","VIA NAZARIO SAURO,5","097022","CIVATE","LC","PRIVATA","45,8270528","9,341773","SI","POINT (9.341773 45.8270528)"
"321","000671","ISTITUTO GERIATRICO C. GOLGI","PIAZZA E.SAMEK LODOVICI,5","015002","ABBIATEGRASSO","20.081","MI","167","167","690852","AZIENDA DI SERVIZI ALLA PERSONA GOLGI REDAELLI","04737420150","80063990156","VIA BARTOLOMEO D'ALVIANO,78","015146","MILANO","MI","PUBBLICA","45,39755","8,92011","SI","POINT (8.92011 45.39755)"
"322","002800","CASA DI RIPOSO VILLA S.BENEDETTO","VIA ROMA,16","013004","ALBESE CON CASSANO","22.032","CO","120","120","691154","PROVINCIA IT. CONGR.SUORE OSPEDALIERE.SACRO CUORE DI GESU'","01045701008","02341270581","VIA URBISAGLIA,3/A","058091","ROMA","RM","PRIVATA","45,79717","9,16198","SI","POINT (9.16198 45.79717)"
"327","001899","RESIDENZA SANITARIA ASSISTENZIALE DI ASOLA","VIA PARMA,14","020002","ASOLA","46.041","MN","108","108","690846","FONDAZIONE CASA DI RIPOSO DI ASOLA O.N.L.U.S. CENTRO SERVIZI PER GLI ANZIANI NON AUTOSUFFICIENTI E PER LE PERSONE IN DIFFICOLTA'","01378680209","81000830208","VIA PARMA,14","020002","ASOLA","MN","PRIVATA","45,21946","10,41951","SI","POINT (10.41951 45.21946)"
"328","002020","FOND. C. F. CELLA DI RIVARA","VIA EMILIA,328","018024","BRONI","27.043","PV","131","131","690840","FONDAZIONE CONTE FRANCO CELLA DI RIVARA ONLUS","01331740181","84003740184","VIA EMILIA,328","018024","BRONI","PV","PRIVATA","45,06539","9,26485","SI","POINT (9.26485 45.06539)"
"323","000922","""CASA DI RIPOSO """"G.M. VENZOLI""""""","VIA ROGGIALE,1","014034","GROSOTTO","23.034","SO","73","73","176192","FONDAZIONE VITA E SALUTE GROSOTTO ONLUS","01048380149","01048380149","VIA ROGGIALE,1","014034","GROSOTTO","SO","PRIVATA","46,2783167","10,256983","SI","POINT (10.256983 46.2783167)"
"328","002046","ANTONIO DELLACA'","VIA S.MICHELE,7","018102","MORTARA","27.036","PV","49","49","690788","OPERA CHARITAS S. ANNA","01238910184","85002170182","VIA LEONARDO DA VINCI,1","018069","GARLASCO","PV","PRIVATA","45,25228","8,74261","SI","POINT (8.74261 45.25228)"
"321","000219","FONDAZIONE FERRARIO","VIA GIUSEPPE GARIBALDI,1","015229","VANZAGO","20.043","MI","141","137","690479","FONDAZIONE FERRARIO","04026870156","86501900152","VIA VITTORIO EMANUELE II,2","015229","VANZAGO","MI","PRIVATA","45,5299713","9,0042859","SI","POINT (9.0042859 45.5299713)"
"327","001886","R.S.A. ERNESTA BOVI","VIA DONATORI DEL SANGUE,10","020039","PEGOGNAGA","46.020","MN","60","56","692093","COOPERATIVA SOCIALE SOCIETA' DOLCE SOCIETA' COOPERATIVA","03772490375","03772490375","VIA CRISTINA DA PIZZANO,5","037006","BOLOGNA","BO","PRIVATA","44,99263","10,85807","SI","POINT (10.85807 44.99263)"
"328","002022","VILLA MATER","VIA FRATELLI ROSSELLI,74","018182","VOGHERA","27.058","PV","55","55","690466","VILLA MATER S.R.L.","01478060187","01478060187","VIA FRATELLI ROSSELLI,74","018182","VOGHERA","PV","PRIVATA","44,98821","8,99561","SI","POINT (8.99561 44.98821)"
"325","001369","RSA OPERE PIE RIUNITE G. B. RUBINI","VIA COMELLI RUBINI,9","016183","ROMANO DI LOMBARDIA","24.058","BG","75","45","690672","KCS CAREGIVER COOPERATIVA SOCIALE","02125100160","02125100160","ROTONDA DEI MILLE,1","016024","BERGAMO","BG","PRIVATA","45,5210992","9,7541635","SI","POINT (9.7541635 45.5210992)"
"321","000500","RSA MONS. BICCHIERAI 2","VIA MOSE' BIANCHI,90","015146","MILANO","20.149","MI","108","108","690404","ISTITUTO AUXOLOGICO ITALIANO","02703120150","02703120150","VIA LODOVICO ARIOSTO,13","015146","MILANO","MI","PRIVATA","45,4750663","9,1460172","SI","POINT (9.1460172 45.4750663)"
"321","000368","R.S.A. VIA QUARENGHI","VIA GIACOMO QUARENGHI,26","015146","MILANO","20.151","MI","140","140","690790","COOPERATIVA SOCIALE COOPSELIOS SOCIETA' COOPERATIVA ONLUS","01164310359","01164310359","VIA ANTONIO GRAMSCI,54/S","035033","REGGIO NELL'EMILIA","RE","PRIVATA","45,4964852","9,1155924","SI","POINT (9.1155924 45.4964852)"
"325","001421","OPERA PIA OLMO ONLUS","VIA CAMILLO BENSO DI CAVOUR,6","016153","OSIO SOTTO","24.046","BG","60","60","690652","FONDAZIONE OPERA PIA OLMO O.N.L.U.S.","02620270161","80028990168","VIA CAMILLO BENSO DI CAVOUR,6","016153","OSIO SOTTO","BG","PRIVATA","45,6173761","9,5936939","SI","POINT (9.5936939 45.6173761)"
"326","001739","RSA - ""ARICI SEGA""","VIA LUCIO FIORENTINI,19/B","017029","BRESCIA","25.134","BS","120","120","690813","FONDAZIONE BRESCIA SOLIDALE ONLUS","02912960982","98133500177","VIA LUCIO FIORENTINI,19/B","017029","BRESCIA","BS","PRIVATA","45,5134264","10,2619286","SI","POINT (10.2619286 45.5134264)"
"321","067370","RSA ZAFFIRO POGLIANO 1","VIA EUROPA,11","015176","POGLIANO MILANESE","20.005","MI","120","120","159772","ZAFFIRO NORD S.R.L.","02881800300","02881800300","VIA MELCHIORRE GIOIA,121","015146","MILANO","MI","PRIVATA","45,53996736","8,99657419","SI","POINT (8.99657419 45.53996736)"
"321","000594","RSA MONSIGNOR CARLO SALVADERI","VIA DEL DOSSINO,33","098038","MELETI","26.843","LO","77","77","691712","DL SERVIZI SOCIETA' COOPERATIVA SOCIALE ETS","05252550966","05252550966","VIA DEL DOSSINO,33","098038","MELETI","LO","PRIVATA","45,11884031","9,83899914","SI","POINT (9.83899914 45.11884031)"
"327","001835","LUIGI MAZZA","VIA PORTA SOCCORSO,25","019076","PIZZIGHETTONE","26.026","CR","96","96","690585","FONDAZIONE ISTITUTO CARLO VISMARA - GIOVANNI DE PETRI ONLUS","00408630192","83000090197","VIA CARLO VISMARA,10","019088","SAN BASSANO","CR","PRIVATA","45,1852216","9,7815181","SI","POINT (9.7815181 45.1852216)"
"321","000547","RSA PICCOLO COTTOLENGO DON ORIONE","VIALE CATERINA DA FORLI',19","015146","MILANO","20.146","MI","180","180","690822","PROVINCIA RELIGIOSA SAN MARZIANO DI DON ORIONE","02541960155","02541960155","VIALE CATERINA DA FORLI',19","015146","MILANO","MI","PRIVATA","45,4595278","9,1451434","SI","POINT (9.1451434 45.4595278)"
"327","001812","ISTITUTO PER ANZIANI ISIDORO CAPPI ONLUS","VIA ISIDORO CAPPI,34","020042","POGGIO RUSCO","46.025","MN","66","40","690579","ISTITUTO PER ANZIANI ISIDORO CAPPI - ONLUS","01591210206","80018910200","VIA ISIDORO CAPPI,34","020042","POGGIO RUSCO","MN","PRIVATA","44,9762548","11,1229084","SI","POINT (11.1229084 44.9762548)"
"325","001391","CASA HONEGGER","VIA BENIGNO CRESPI,9","016004","ALBINO","24.021","BG","140","140","690723","FONDAZIONE HONEGGER R.S.A.","01724950165","80025590169","VIA CAPPUCCINI,10","016004","ALBINO","BG","PRIVATA","45,7583939","9,7898173","SI","POINT (9.7898173 45.7583939)"
"322","002718","FONDAZIONE CASE DI RIPOSO RIUNITE DI BREGNANO E LOMAZZO - RSA LOMAZZO","VIA DEL LAGHETTO,9","013133","LOMAZZO","22.074","CO","159","150","152072","FONDAZIONE CASE DI RIPOSO RIUNITE DI BREGNANO E LOMAZZO ONLUS","03850460134","03850460134","VIA DEL LAGHETTO,9","013133","LOMAZZO","CO","PRIVATA","45,7058653","9,0292081","SI","POINT (9.0292081 45.7058653)"
"326","001717","RSA - FONDAZIONE GAMBARA TAVELLI ONLUS","VIA LUIGI EINAUDI,1","017195","VEROLANUOVA","25.028","BS","134","125","690485","FONDAZIONE GAMBARA - TAVELLI ONLUS","00727260986","88001710172","VIA LUIGI EINAUDI,1","017195","VEROLANUOVA","BS","PRIVATA","45,32922","10,07501","SI","POINT (10.07501 45.32922)"
"323","000951","CASA DI RIPOSO CITTA' DI CHIAVENNA","VIA DEI RASCHI,63","014018","CHIAVENNA","23.022","SO","121","119","690779","""FONDAZIONE CASA DI RIPOSO CITTA' DI CHIAVENNA"""" ONLUS""","00524630142","00524630142","VIA DEI RASCHI,63","014018","CHIAVENNA","SO","PRIVATA","46,3150613","9,3935649","SI","POINT (9.3935649 46.3150613)"
"322","000879","RSA CASA S.MARIA ANNUNCIATA","VIA GIUSEPPE VERDI,16","012062","CUVEGLIO","21.030","VA","52","52","690681","NUOVA ASSISTENZA- SOCIETA' COOPERATIVA SOCIALE ONLUS","01684780032","06902520011","VIA BAVENO,4","003106","NOVARA","NO","PRIVATA","45,90251","8,73364","SI","POINT (8.73364 45.90251)"
"323","000928","FONDAZIONE VISCONTI VENOSTA ETS","VIA VITTORIO ALFIERI,20","014033","GROSIO","23.033","SO","115","115","690660","""FONDAZIONE """"VISCONTI VENOSTA"""" ONLUS""","00597040146","83000880142","VIA VITTORIO ALFIERI,20","014033","GROSIO","SO","PRIVATA","46,2977903","10,2727862","SI","POINT (10.2727862 46.2977903)"
"322","000831","RSA PINETA","VIA MONTE NEVOSO,12","012127","TRADATE","21.049","VA","95","95","691715","PRO.GES. - SOCIETA' COOPERATIVA SOCIALE","01534890346","01534890346","VIA COLORNO,63","034027","PARMA","PR","PRIVATA","45,721693","8,8991536","SI","POINT (8.8991536 45.721693)"
"326","090230","RSA ZAFFIRO NINFEA","VIA BOSE,1/QUATER","017029","BRESCIA","25.129","BS","60",,"159772","ZAFFIRO NORD S.R.L.","02881800300","02881800300","VIA MELCHIORRE GIOIA,121","015146","MILANO","MI","PRIVATA","45,4937791","10,266728","NO","POINT (10.266728 45.4937791)"
"321","004731","CASA FAMIGLIA PETRANCA","VIA ALESSANDRO MANZONI,18","098049","SAN ROCCO AL PORTO","26.865","LO","20",,"172512","GESTIONE E SERVIZI S.R.L.","03780960047","03780960047","PIAZZA CRISTO RE,14","004003","ALBA","CN","PRIVATA","45,0810541","9,6929812","NO","POINT (9.6929812 45.0810541)"
"324","001218","CASA DI RIPOSO CARLO E ELISA FRIGERIO ONLUS","VIA CARTIGLIO,2","097010","BRIVIO","23.883","LC","128","128","690819","CASA DI RIPOSO CARLO E ELISA FRIGERIO ONLUS","01391860135","85000810136","VIA CARTIGLIO,2","097010","BRIVIO","LC","PRIVATA","45,7420894","9,4451111","SI","POINT (9.4451111 45.7420894)"
"326","001564","RSA ANNI AZZURRI REZZATO","VIA VAIFRO SBERNA,4/6","017161","REZZATO","25.086","BS","166","166","691497","KOS CARE S.R.L.","01148190547","01148190547","VIA DURINI,9","015146","MILANO","MI","PRIVATA","45,51326","10,33131","SI","POINT (10.33131 45.51326)"
"322","002809","FONDAZIONE ANNA BORLETTI PER INVALIDI E ANZIANI","VIA PIAVE,9","013012","AROSIO","22.060","CO","132","127","690843","FONDAZ. ANNA BORLETTI PER INVALIDI E ANZIANI -ONLUS","00784340135","81001590132","VIA PIAVE,9","013012","AROSIO","CO","PRIVATA","45,71799","9,20684","SI","POINT (9.20684 45.71799)"
"321","000380","R.S.A. SANTA FRANCESCA CABRINI","VIA COGOZZO,12","098050","SANT'ANGELO LODIGIANO","26.866","LO","133","123","690591","FONDAZIONE MADRE CABRINI - ONLUS","04712690967","92544370155","VIA COGOZZO,12","098050","SANT'ANGELO LODIGIANO","LO","PRIVATA","45,23531807","9,40059714","SI","POINT (9.40059714 45.23531807)"
"322","000880","RSA CASA SAN GIORGIO ETS","VIA ARDENGO VISCONTI,2","012109","ORIGGIO","21.040","VA","30","30","690648","ASSOCIAZIONE CASA SAN GIORGIO - ONLUS","02121610121","02121610121","VIA ARDENGO VISCONTI,2","012109","ORIGGIO","VA","PRIVATA","45,59636","9,01633","SI","POINT (9.01633 45.59636)"
"328","004734","RSA CARLETTO CONCINA","VIA VESPOLATE,SNC","018052","CONFIENZA","27.030","PV","40","40","732588","ALE.MAR. COOPERATIVA SOCIALE ONLUS","01956990186","01956990186","VIA ROCCA VECCHIA,1","018177","VIGEVANO","PV","PRIVATA","45,3324266","8,5614643","SI","POINT (8.5614643 45.3324266)"
"328","002193","CASA DEL VECCHIO E DEL FANCIULLO ITALA VOCHIERI","VIALE ITALIA,1","018065","FRASCAROLO","27.030","PV","53","53","690665","RSA FONDAZIONE CASA DEL VECCHIO E DEL FANCIULLO ITALA VOCHIERI ETS","01504250182","82002550182","VIALE ITALIA,1","018065","FRASCAROLO","PV","PRIVATA","45,0471264","8,6843318","SI","POINT (8.6843318 45.0471264)"
"322","004788","CASA DI RIPOSO CESARE ED EMILIO PRANDONI ONLUS","VIA PLINIO,12","013223","TORNO","22.020","CO","72","72","691772","FONDAZIONE CASA DI RIPOSO CESARE ED EMILIO PRANDONI - O.N.L.U.S.","00706880135","00706880135","VIA PLINIO,12","013223","TORNO","CO","PRIVATA","45,85731","9,11468","SI","POINT (9.11468 45.85731)"
"327","001959","RSA A. RICCIARDELLI","VICOLO BARONI,43","020001","ACQUANEGRA SUL CHIESE","46.011","MN","45","45","690452","C.S.A. COOPERATIVA SERVIZI ASSISTENZIALI - SOCIETA' COOPERATIVA SOCIALE","01697440202","01697440202","VIA GELSO,8","020030","MANTOVA","MN","PUBBLICA","45,1619","10,43323","SI","POINT (10.43323 45.1619)"
"322","000741","RSA CORTE COVA","VIA TRIESTE,1040","012034","CARONNO PERTUSELLA","21.042","VA","60","60","141789","CONSORZIO ZENIT SOCIALE - SOCIETA' COOPERATIVA SOCIALE","02719390342","02719390342","VIA COLORNO,63","034027","PARMA","PR","PRIVATA","45,59354","9,05935","SI","POINT (9.05935 45.59354)"
"327","001824","FONDAZIONE BENEFATTORI CREMASCHI ONLUS","VIA PLACIDO ZURLA,1","019035","CREMA","26.013","CR","200","200","690690","FONDAZIONE BENEFATTORI CREMASCHI ONLUS","01319070197","01319070197","VIA KENNEDY,2","019035","CREMA","CR","PRIVATA","45,365323","9,6856744","SI","POINT (9.6856744 45.365323)"
"322","002832","RESIDENZA SANITARIA BELLAGIO","VIA LA MAZZINA,14","013250","BELLAGIO","22.021","CO","150","150","690849","COOPERATIVA SOCIALE E DI LAVORO OPERATORI SANITARI ASSOCIATI","01675771008","07056830586","VIA LUCIO VOLUMNIO,1","058091","ROMA","RM","PRIVATA","45,97325146","9,26342139","SI","POINT (9.26342139 45.97325146)"
"327","001998","RSA FONDAZIONE ANTONIO NUVOLARI","LARGO ANTONIO NUVOLARI,4","020052","RONCOFERRARO","46.037","MN","120","112","690546","FONDAZIONE ANTONIO NUVOLARI","01465990206","80000750200","LARGO ANTONIO NUVOLARI,4","020052","RONCOFERRARO","MN","PRIVATA","45,13519","10,95298","SI","POINT (10.95298 45.13519)"
"328","002090","VILLA SERENA","VIALE LUIGI MANGIAGALLI,24","018073","GODIASCO SALICE TERME","27.052","PV","87","87","690450","CONCORDIA SOCIETA' COOPERATIVA SOCIALE","01668980186","01668980186","VIA GIUSEPPE VERDI,40/A","018122","RIVANAZZANO TERME","PV","PRIVATA","44,9129902","9,0251525","SI","POINT (9.0251525 44.9129902)"
"322","000789","RESIDENZA MARIO E RINA MOLINA","VIA DELLA VITTORIA,12","012092","LUINO","21.016","VA","60","60","121047","ALDIA COOPERATIVA SOCIALE SOCIETA' COOPERATIVA","00510430184","00510430184","VIA CONTARDO FERRINI,2","018110","PAVIA","PV","PRIVATA","46,0052139","8,7446149","SI","POINT (8.7446149 46.0052139)"
"321","000265","ISTITUTO MONS. BIRAGHI","VIA SUOR MARINA VIDEMARI,2","015070","CERNUSCO SUL NAVIGLIO","20.063","MI","198","198","690774","CASA DELL'ANTICO OSP. SUORE S. MARCELLINA ""MONS.BIRAGHI""","03501990158","03501990158","VIA SUOR MARINA VIDEMARI,2","015070","CERNUSCO SUL NAVIGLIO","MI","PRIVATA","45,5276749","9,3339305","SI","POINT (9.3339305 45.5276749)"
"327","004782","RESIDENZA GUERRESCHI GIANLUIGI SNC","VIA CREMA,40/A","019015","CAPRALBA","26.010","CR","40",,"691822","RESIDENZA GUERRESCHI GIANLUIGI SNC - RESIDENZA SANITARIA ASSISTITA","03731360164","03731360164","VIA CREMA,40","019015","CAPRALBA","CR","PRIVATA","45,4427957","9,6445395","NO","POINT (9.6445395 45.4427957)"
"326","001537","FONDAZIONE BANDERA VEZZOLI ONLUS","VIA ROMA,38","017192","URAGO D'OGLIO","25.030","BS","31","28","690474","FONDAZIONE BANDERA -  VEZZOLI  ONLUS","82002990172","82002990172","VIA ROMA,38","017192","URAGO D'OGLIO","BS","PRIVATA","45,5156289","9,8698644","SI","POINT (9.8698644 45.5156289)"
"327","002005","R.S.A. EMANUELE E GIUSEPPINA CORDIOLI","VIALE VITTORIO GAVIOLI,15","020033","MARMIROLO","46.045","MN","42","40","690699","FONDAZIONE MONS ARRIGO MAZZALI ONLUS DI MANTOVA","00441270204","80005070208","VIA TRENTO,10","020030","MANTOVA","MN","PRIVATA","45,22149","10,75717","SI","POINT (10.75717 45.22149)"
"325","001254","IST. SUORE CAPPUCCINE CASA DI RIPOSO SAN FRANCESCO","VIA GIULIO ENRICO NEGRI,17","016024","BERGAMO","24.128","BG","85","85","690824","ISTITUTO SUORE CAPPUCCINE DI MADRE RUBATTO - ENTE ECCLESIASTICO CIVILMENTE RICONOSCIUTO","00564560100","00564560100","VIA IV NOVEMBRE,7","016024","BERGAMO","BG","PRIVATA","45,69713","9,65667","SI","POINT (9.65667 45.69713)"
"327","001861","CASA FAMIGLIA PADRE FRANCESCO SPINELLI","VIA GALILEO GALILEI,18","019084","RIVOLTA D'ADDA","26.027","CR","69","48","691174","ISTITUTO SUORE ADORATRICI DEL SS. SACRAMENTO","01096280191","02880660150","VIA SAN FRANCESCO D'ASSISI,16","019084","RIVOLTA D'ADDA","CR","PRIVATA","45,47159","9,51873","SI","POINT (9.51873 45.47159)"
"328","002167","CONIUGI  LAVATELLI","VIA SAN GIORGIO,24","018035","CASSOLNOVO","27.023","PV","67","67","690788","OPERA CHARITAS S. ANNA","01238910184","85002170182","VIA LEONARDO DA VINCI,1","018069","GARLASCO","PV","PRIVATA","45,3661717","8,8106182","SI","POINT (8.8106182 45.3661717)"
"322","002761","LE CAMELIE","VIA BIGNANICO,20","013075","COMO","22.100","CO","120","120","690688","FONDAZIONE CA' D'INDUSTRIA O.N.L.U.S.","01793530138","80004470136","VIA GIUSEPPE BRAMBILLA,61","013075","COMO","CO","PRIVATA","45,82264","9,06533","SI","POINT (9.06533 45.82264)"
"328","002135","IL GIOIELLO","VIA JOHN FITZGERALD KENNEDY,52/54","018122","RIVANAZZANO TERME","27.055","PV","30","30","123408","SERENI ORIZZONTI 1 SPA","02833470301","02833470301","VIA VITTORIO VENETO,45","030129","UDINE","UD","PRIVATA","44,91086","9,01274","SI","POINT (9.01274 44.91086)"
"328","002151","RSA CASA PER L'ANZIANO","VIA ANTONIO GRAMSCI,16","018109","PARONA","27.020","PV","61","61","691810","AZIENDA SPECIALE PARONA","02487890184","02487890184","VIA ANTONIO GRAMSCI,16","018109","PARONA","PV","PUBBLICA","45,2810468","8,7515885","SI","POINT (8.7515885 45.2810468)"
"322","000823","RSA CALICANTUS SRL","VIA COSTANTINO,3","012097","MARCHIROLO","21.030","VA","42","42","690608","CALICANTUS SRL","01507520128","01507520128","VIA COSTANTINO,3","012097","MARCHIROLO","VA","PRIVATA","45,94962327","8,83999274","SI","POINT (8.83999274 45.94962327)"
"321","000347","FONDAZIONE SAN GIUSEPPE  MOSCATI ONLUS","VIA ORTI,27","015146","MILANO","20.122","MI","78","78","690415","FONDAZIONE S.G. MOSCATI","09791060156","97075530150","VIA ORTI,27","015146","MILANO","MI","PRIVATA","45,4552934","9,2013831","SI","POINT (9.2013831 45.4552934)"
"328","002074","FONDAZIONE CUSANI VISCONTI","VIA UMBERTO I,119","018048","CHIGNOLO PO","27.013","PV","72","70","690430","FONDAZIONE CUSANI VISCONTI ONLUS","00517440186","00517440186","VIA UMBERTO I,119","018048","CHIGNOLO PO","PV","PRIVATA","45,1505816","9,4867844","SI","POINT (9.4867844 45.1505816)"
"321","000514","RESIDENZA SANT'AMBROGIO","VIA FELICE LOPE DE VEGA,2","015146","MILANO","20.143","MI","150","150","691497","KOS CARE S.R.L.","01148190547","01148190547","VIA DURINI,9","015146","MILANO","MI","PRIVATA","45,4405181","9,1608135","SI","POINT (9.1608135 45.4405181)"
"326","001610","RSA - ""PASOTTI COTTINELLI""","VIA DELLE GRAZZINE,6","017029","BRESCIA","25.123","BS","56","54","690814","FONDAZIONE PASOTTI COTTINELLI ONLUS","98077830176","98077830176","VIA DELLE GRAZZINE,6","017029","BRESCIA","BS","PRIVATA","45,55867","10,22685","SI","POINT (10.22685 45.55867)"
"322","095965","RSA SACRO MONTE","VIA FRANCESCO GUICCIARDINI,66","012133","VARESE","21.100","VA","120","120","692369","CODESS SOCIALE SOCIETA' COOPERATIVA SOCIALE","03174760276","03174760276","VIA GIOVANNI BOCCACCIO,96","028060","PADOVA","PD","PRIVATA","45,8066253","8,84359139","SI","POINT (8.84359139 45.8066253)"
"321","007741","LA MUTUALISTICA","PIAZZALE ALFEO GIUDICI,1","098041","MULAZZANO","26.837","LO","100","100","158912","SAN PIO SOCIETA' COOPERATIVA SOCIALE","01699760334","01699760334","PIAZZA CRISTO RE,14","004003","ALBA","CN","PRIVATA","45,37503","9,39642","SI","POINT (9.39642 45.37503)"
"328","079008","TURVEGIA","VIA ANGELO GALLUZZI,2/4","018160","TORREVECCHIA PIA","27.010","PV","120",,"690506","UNIVERSIIS SOCIETA' COOPERATIVA SOCIALE","01818390302","01818390302","VIA CIVIDINA,41/A","030129","UDINE","UD","PRIVATA","45,28365","9,29892","NO","POINT (9.29892 45.28365)"
"324","001206","RSA ANNA E GUIDO FOSSATI","VIA CARLO COLLODI,6","108033","MONZA","20.900","MB","121","121","691806","PUNTO SERVICE - COOPERATIVA SOCIALE A R.L","01645790021","01645790021","VIA VERCELLI,23/A","002031","CARESANABLOT","VC","PRIVATA","45,56577","9,22858","SI","POINT (9.22858 45.56577)"
"327","001807","RSA AZZOLINI","VIA BRESCIA,207","019036","CREMONA","26.100","CR","120","120","690876","AZIENDA SPECIALE COMUNALE CREMONA SOLIDALE","01310740194","93042130190","VIA BRESCIA,207","019036","CREMONA","CR","PUBBLICA","45,15182072","10,03753022","SI","POINT (10.03753022 45.15182072)"
"326","093377","VILLAGGIO INSIEME","VIA DEODATO LAFFRANCHI,11 C","017039","CARPENEDOLO","25.013","BS","20","20","690458","FONDAZIONE S. MARIA DEL CASTELLO  ONLUS","85001050179","85001050179","VIA DEODATO LAFFRANCHI,13","017039","CARPENEDOLO","BS","PRIVATA","45,36662","10,42794","SI","POINT (10.42794 45.36662)"
"326","001480","RSA ""CASA SORELLE GIRELLI""","VIA ROMA,87","017106","MARONE","25.054","BS","61","45","692093","COOPERATIVA SOCIALE SOCIETA' DOLCE SOCIETA' COOPERATIVA","03772490375","03772490375","VIA CRISTINA DA PIZZANO,5","037006","BOLOGNA","BO","PRIVATA","45,7405728","10,0917304","SI","POINT (10.0917304 45.7405728)"
"324","083788","RSA ATTANASIO","VIA TRIESTE,129/A","108027","LIMBIATE","20.812","MB","80","80","137308","GRUPPO GHERON SRL","01574550339","01574550339","VIA ARCHIMEDE,57","015146","MILANO","MI","PRIVATA","45,5943361","9,1355252","SI","POINT (9.1355252 45.5943361)"
"321","002359","FONDAZIONE GIUSEPPE GEMELLARO ETS","VIA XXV APRILE,32","015005","ALBAIRATE","20.080","MI","64","64","690858","FONDAZIONE GIUSEPPE GEMELLARO ONLUS","03345430965","97146120155","VIA XXV APRILE,32","015005","ALBAIRATE","MI","PRIVATA","45,4178669","8,9394482","SI","POINT (8.9394482 45.4178669)"
"326","001726","RSA - PAOLA DI ROSA","VIA SANTA MARIA CROCIFISSA DI ROSA,2","017037","CAPRIANO DEL COLLE","25.020","BS","27","27","690815","FONDAZIONE PAOLA DI ROSA ONLUS","03338720174","98043210172","VIA MORETTO,34","017029","BRESCIA","BS","PRIVATA","45,4528626","10,1335101","SI","POINT (10.1335101 45.4528626)"
"321","000032","RSA CASA DELL'ANZIANO SAN CAMILLO","VIA DELLA CAPPELLETTA,5","015051","CARUGATE","20.061","MI","78","78","691488","CASA DELL'ANZIANO SAN CAMILLO COOPERATIVA SOCIALE ONLUS","00989140967","94001090151","VIA DELLA CAPPELLETTA,5","015051","CARUGATE","MI","PRIVATA","45,54492","9,34855","SI","POINT (9.34855 45.54492)"
"321","000516","CASA FAMIGLIA PER ANZIANI DOTT. VITTORIO CRESPI","VIA SAN GRATO,29","015248","VILLA CORTESE","20.035","MI","64","64","690791","SODALITAS SOCIETA' COOPERATIVA A RESPONSABILITA' LIMITATA","10068220150","10068220150","VIA GIOVANNI MARRADI,1","015146","MILANO","MI","PRIVATA","45,5690202","8,8861274","SI","POINT (8.8861274 45.5690202)"
"324","001099","RSA PICCOLO COTTOLENGO DI DON ORIONE","VIA GIUSEPPE VERDI,95","108039","SEREGNO","20.831","MB","89","89","690822","PROVINCIA RELIGIOSA SAN MARZIANO DI DON ORIONE","02541960155","02541960155","VIALE CATERINA DA FORLI',19","015146","MILANO","MI","PRIVATA","45,6589525","9,2036893","SI","POINT (9.2036893 45.6589525)"
"327","001982","FONDAZIONE SS. REDENTORE","VIA MONSIGNORE PIETRO GARDINALI,15","019026","CASTELVERDE","26.022","CR","140","140","690765","FONDAZIONE OPERA PIA SANTISSIMO REDENTORE - ONLUS","00867950198","80004230191","VIA MONSIGNORE PIETRO GARDINALI,15","019026","CASTELVERDE","CR","PRIVATA","45,1877113","9,9961439","SI","POINT (9.9961439 45.1877113)"
"321","036366","RSA I FONTANILI","VIA ALCIDE DE GASPERI,4","015185","RODANO","20.053","MI","90","50","123408","SERENI ORIZZONTI 1 SPA","02833470301","02833470301","VIA VITTORIO VENETO,45","030129","UDINE","UD","PRIVATA","45,4754921","9,3554044","SI","POINT (9.3554044 45.4754921)"
"321","000247","RSA GIOVANNI PAOLO II","VIALE GERMANIA,39","015142","MELZO","20.066","MI","100","100","691212","SEGESTA GESTIONI SRL","04140620966","04140620966","VIALE CASSALA,22","015146","MILANO","MI","PRIVATA","45,5050869","9,414674","SI","POINT (9.414674 45.5050869)"
"322","000704","CENTRO POLIFUNZIONALE PER LA TERZA ETA'","VIA TORQUATO TASSO,58","012026","BUSTO ARSIZIO","21.052","VA","120","81","143190","BUSTO CARE-CONSORZIO DI COOPERATIVE-COOPERATIVA SOCIALE","03608150128","03608150128","VIA TORQUATO TASSO,58","012026","BUSTO ARSIZIO","VA","PRIVATA","45,61760695","8,87062319","SI","POINT (8.87062319 45.61760695)"
"324","001144","CASA DI RIPOSO MONTICELLO - AZIENDA SPECIALE DEL COMUNE DI MONTICELLO BRIANZA","VIA GIUSEPPE SIRTORI,1","097054","MONTICELLO BRIANZA","23.876","LC","126","126","690599","AZIENDA SPECIALE DEL COMUNE DI MONTICELLO BRIANZA CASA DI RIPOSO MONTICELLO","02934280138","94024920137","VIA GIUSEPPE SIRTORI,1","097054","MONTICELLO BRIANZA","LC","PUBBLICA","45,70772","9,312","SI","POINT (9.312 45.70772)"
"322","000717","FONDAZIONE CENTRO ASSISTENZA ANZIANI GIULIO MORONI ONLUS","VIA CARDINALE FERRARI,4","012042","CASTELLANZA","21.053","VA","74","72","690676","FONDAZIONE CENTRO ASSISTENZA ANZIANI GIULIO MORONI","81009930124","81009930124","VIA CARDINALE FERRARI,4","012042","CASTELLANZA","VA","PRIVATA","45,6111","8,905","SI","POINT (8.905 45.6111)"
"328","002075","VILLA ELVIRA","VICOLO CASE ELVIRA,6","018143","SANTA MARIA DELLA VERSA","27.047","PV","44","44","690790","COOPERATIVA SOCIALE COOPSELIOS SOCIETA' COOPERATIVA ONLUS","01164310359","01164310359","VIA ANTONIO GRAMSCI,54/S","035033","REGGIO NELL'EMILIA","RE","PRIVATA","44,98668","9,30049","SI","POINT (9.30049 44.98668)"
"325","001430","CASA SANT'ANGELA MERICI","VIA GIULIO NATTA,2","016058","CASAZZA","24.060","BG","80","80","691816","CACCIAMATTA SRL","03492560168","03492560168","VIA SAN ROCCO,SNC","016211","TAVERNOLA BERGAMASCA","BG","PRIVATA","45,74751","9,9029","SI","POINT (9.9029 45.74751)"
"322","002814","PAPA GIOVANNI XXIII","PIAZZA ALESSANDRO VOLTA,27","013227","TURATE","22.078","CO","41","41","690471","SAN GIACOMO S.R.L.","02644040137","02644040137","VIA ACCADEMIA,48","015146","MILANO","MI","PRIVATA","45,6546688","9,0019658","SI","POINT (9.0019658 45.6546688)"
"328","002156","PIA FAMIGLIA DELLE SORELLE DEL SANTO ROSARIO APOSTOLE DEL LAVORO","VIA INDIPENDENZA,30","018122","RIVANAZZANO TERME","27.055","PV","86","86","690532","PIA FAMIGLIA DELLE SORELLE DEL SANTO ROSARIO APOSTOLE DEL LAVORO","01263540187","86004250188","VIA INDIPENDENZA,30","018122","RIVANAZZANO TERME","PV","PRIVATA","44,93103","9,0164","SI","POINT (9.0164 44.93103)"
"322","002929","CASA GIARDINO DEGLI ULIVI","VIA MONSIGNORE EMILIO POLETTI,73","013145","MENAGGIO","22.017","CO","60","60","690851","ISTITUTO DELLE FIGLIE DI SANTA MARIA DELLA DIVINA PROVVIDENZA","01062811003","02477630582","PIAZZA DI SAN PANCRAZIO,9","058091","ROMA","RM","PRIVATA","46,01483246","9,23528332","SI","POINT (9.23528332 46.01483246)"
"327","001871","R.S.A. IL GELSO","VIA SANT'APOLLONIO","020015","CASTEL GOFFREDO","46.042","MN","120","120","154952","IL GELSO S.R.L.","12156120011","12156120011","VIA PRINCIPE TOMMASO,36","001272","TORINO","TO","PRIVATA","45,29450316","10,46431593","SI","POINT (10.46431593 45.29450316)"
"327","039168","RESIDENZA TE","STRADA CIRCONVALLAZIONE SUD,21/B","020030","MANTOVA","46.100","MN","100","120","691102","SOLIDARIETA' SRL","02245740200","02245740200","VIA MANTOVA,6","020071","BORGO VIRGILIO","MN","PRIVATA","45,15043","10,75319","SI","POINT (10.75319 45.15043)"
"328","004864","LA CASTELLANA","VIA SOLIGGIA,24","018066","GALLIAVOLA","27.034","PV","26",,"691826","SOCIETA' GEST-IM SRL","01442750186","01442750186","VIA SOLIGGIA,24","018066","GALLIAVOLA","PV","PRIVATA","45,0976307","8,8163891","NO","POINT (8.8163891 45.0976307)"
"323","002930","RSA SAN VINCENZO","VIA MAGLIO,25","013249","GRAVEDONA ED UNITI","22.015","CO","51","51","690869","CROCE DI MALTA SRL","03653930960","03653930960","VIALE CASSALA,22","015146","MILANO","MI","PRIVATA","46,14362","9,30206","SI","POINT (9.30206 46.14362)"
"325","001283","FONDAZIONE CASA DI RIPOSO RSA - OSPEDALE G.G.MILESI - ONLUS","VIA BETTUNO ALTO,9","016118","GROMO","24.020","BG","41","38","690658","FONDAZIONE CASA DI RIPOSO RSA - OSPDALE G.G. MILESI - ONLUS","01736130160","81001650167","VIA BETTUNO ALTO,9","016118","GROMO","BG","PRIVATA","45,97367","9,93062","SI","POINT (9.93062 45.97367)"
"327","001941","CASA DI RIPOSO GIOVANNI E LUCIANA ARVEDI","VIA ANGELO MASSAROTTI,49","019036","CREMONA","26.100","CR","84","84","691831","FONDAZIONE LA PACE ONLUS","01590790190","93052420192","VIA ANGELO MASSAROTTI, 49","019036","CREMONA","CR","PRIVATA","45,13556","10,01205","SI","POINT (10.01205 45.13556)"
"325","001404","FONDAZIONE DON CIRIACO VEZZOLI ETS","VIA OSPEDALE,57","016076","CIVIDATE AL PIANO","24.050","BG","89","88","691402","FONDAZIONE DON CIRIACO VEZZOLI O.N.L.U.S.","00969740166","83001560164","VIA OSPEDALE,57","016076","CIVIDATE AL PIANO","BG","PRIVATA","45,5542106","9,8357481","SI","POINT (9.8357481 45.5542106)"
"322","000711","RESIDENZA GENNARO ARIOLI","VIA AVVOCATO FRANCO BASSANI,13","012087","LAVENO-MOMBELLO","21.014","VA","51","51","690440","CENTRO RESIDENZIALE PER ANZIANI MENOTTI BASSANI","01319900120","01319900120","VIA AVVOCATO FRANCO BASSANI,13","012087","LAVENO-MOMBELLO","VA","PRIVATA","45,90583","8,61455","SI","POINT (8.61455 45.90583)"
"325","001387","ISTITUTO OSPITALE MAGRI","VIA CIRCONVALLAZIONE,237","016222","URGNANO","24.059","BG","95","95","690684","ISTITUTO OSPITALE MAGRI ONLUS","00837790161","80025670169","VIA CIRCONVALLAZIONE,237","016222","URGNANO","BG","PRIVATA","45,5970171","9,6921128","SI","POINT (9.6921128 45.5970171)"
"321","000624","FONDAZIONE SANT'ERASMO","CORSO SEMPIONE,34","015118","LEGNANO","20.025","MI","125","120","690444","FONDAZIONE SANT'ERASMO","09525200151","84001690159","CORSO SEMPIONE,34","015118","LEGNANO","MI","PRIVATA","45,59502","8,92801","SI","POINT (8.92801 45.59502)"
"321","000043","PARCO SEMPIONE","PIAZZA DEI VOLONTARI,3","015146","MILANO","20.145","MI","94","93","691497","KOS CARE S.R.L.","01148190547","01148190547","VIA DURINI,9","015146","MILANO","MI","PRIVATA","45,4755707","9,1698078","SI","POINT (9.1698078 45.4755707)"
"321","000049","RSA CASA FAMIGLIA PER ANZIANI DI MILANO","VIA FRANCO FACCIO,19","015146","MILANO","20.161","MI","79","79","136089","RSA OASI CERRO SRL","09986470962","09986470962","VIA PORLEZZA,8","015146","MILANO","MI","PRIVATA","45,5187981","9,1694647","SI","POINT (9.1694647 45.5187981)"
"321","000228","POLO GERIATRICO RIABILITATIVO 1","VIA SAN FAUSTINO,27","015146","MILANO","20.134","MI","70","70","691497","KOS CARE S.R.L.","01148190547","01148190547","VIA DURINI,9","015146","MILANO","MI","PRIVATA","45,4761452","9,2413425","SI","POINT (9.2413425 45.4761452)"
"324","001081","RSA CASA DI RIPOSO MADRE ADA BIANCHI","VIA DON GIOVANNI MINZONI,21","108001","AGRATE BRIANZA","20.864","MB","34","34","732534","PROGETTO SALUTE ONLUS SOCIETA' COOP. SOC.","02256690989","02256690989","VIA MORETTO,12","017029","BRESCIA","BS","PRIVATA","45,5777728","9,3526593","SI","POINT (9.3526593 45.5777728)"
"326","001720","RSA - FONDAZIONE ISTITUTO BREGOLI ONLUS","VIA PAPA PAOLO VI,1","017141","PEZZAZE","25.060","BS","89","50","690572","FONDAZIONE ISTITUTO BREGOLI ONLUS","83002270177","83002270177","VIA PAPA PAOLO VI,1","017141","PEZZAZE","BS","PRIVATA","45,7744843","10,2363523","SI","POINT (10.2363523 45.7744843)"
"321","000614","RESIDENZA MONS. LUIGI OLGIATI","VIA GIOVANNI BOCCACCIO,354","015209","SESTO SAN GIOVANNI","20.099","MI","74","74","690510","FONDAZIONE ISTITUTO GERIATRICO LA PELUCCA - ONLUS","00987080967","85001850156","VIA TOMMASO CAMPANELLA,8-10","015209","SESTO SAN GIOVANNI","MI","PRIVATA","45,5464114","9,2399057","SI","POINT (9.2399057 45.5464114)"
"324","001040","RSA CASA MADONNA DELLA NEVE ONLUS","VIA ALESSANDRO MANZONI,7","097069","PREMANA","23.834","LC","21","21","690618","CASA MADONNA DELLA NEVE PER ANZIANI ONLUS","02177120132","02177120132","VIA ALESSANDRO MANZONI,7","097069","PREMANA","LC","PRIVATA","46,05185","9,42253","SI","POINT (9.42253 46.05185)"
"326","001732","RSA - FONDAZIONE IRENE RUBINI FALCK ONLUS","VIA IRENE RUBINI FALCK,5","017204","VOBARNO","25.079","BS","82","80","690464","FONDAZIONE IRENE RUBINI  FALCK ONLUS","00726650989","87002670179","VIA IRENE RUBINI FALCK,5","017204","VOBARNO","BS","PRIVATA","45,64436","10,49654","SI","POINT (10.49654 45.64436)"
"327","001994","RSA ISABELLA D'ESTE","PIAZZALE MICHELANGELO,1","020030","MANTOVA","46.100","MN","120","120","690629","ASPEF AZIENDA SERVIZI ALLA PERSONA E ALLA FAMIGLIA","01837820206","01837820206","PIAZZALE MICHELANGELO,1","020030","MANTOVA","MN","PUBBLICA","45,15329","10,7757","SI","POINT (10.7757 45.15329)"
"321","000338","RSA MONS. TRABATTONI","VIA GIUSEPPE GARIBALDI,2","098035","MALEO","26.847","LO","80","75","149092","RESIDENZE ASSISTITE MALEO SRL","01237210198","01237210198","VIA GIUSEPPE GARIBALDI,18/7","098035","MALEO","LO","PRIVATA","45,1694344","9,7648353","SI","POINT (9.7648353 45.1694344)"
"328","002126","S. RICCARDO PAMPURI","VIA SESIA,23","018163","TRIVOLZIO","27.020","PV","114","114","690672","KCS CAREGIVER COOPERATIVA SOCIALE","02125100160","02125100160","ROTONDA DEI MILLE,1","016024","BERGAMO","BG","PRIVATA","45,2620738","9,0478966","SI","POINT (9.0478966 45.2620738)"
"324","001045","VILLA DEI CEDRI","VIA MONTE GRAPPA,59","097048","MERATE","23.807","LC","120","120","691151","IL BIFFO R.S.A. S.R.L.","02253340968","02253340968","VIA MOSE' BIANCHI,17","108033","MONZA","MB","PRIVATA","45,70923","9,41437","SI","POINT (9.41437 45.70923)"
"321","000467","R.S.A. MARIA LORENZON","STRADA CERCA,2","015024","BINASCO","20.082","MI","120","120","201480","ROMEO S.R.L.","14296690960","14296690960","VIALE CASSALA, 22","015146","MILANO","MI","PRIVATA","45,33765","9,10448","SI","POINT (9.10448 45.33765)"
"325","001272","RSA SAN SISTO","VIA COLOGNOLA AI COLLI,6-8-10","016024","BERGAMO","24.126","BG","120","80","691497","KOS CARE S.R.L.","01148190547","01148190547","VIA DURINI,9","015146","MILANO","MI","PRIVATA","45,6774","9,66213","SI","POINT (9.66213 45.6774)"
"321","000230","RESIDENZA SAN REMIGIO","VIA ALFREDO DI DIO ANGOLO NAZZARIO SAURO SNC","015041","BUSTO GAROLFO","20.038","MI","60","60","690793","FONDAZIONE IL CERCHIO - O.N.L.U.S.","13480520157","13480520157","VIA ALFREDO DI DIO,14","015041","BUSTO GAROLFO","MI","PRIVATA","45,55057","8,88922","SI","POINT (8.88922 45.55057)"
"328","095385","RSA RESIDENZA ALLE BARCHE","VIA DELLA ROVEDA,2/B","018014","BEREGUARDO","27.021","PV","90","90","692369","CODESS SOCIALE SOCIETA' COOPERATIVA SOCIALE","03174760276","03174760276","VIA GIOVANNI BOCCACCIO,96","028060","PADOVA","PD","PRIVATA","45,25382","9,02751","SI","POINT (9.02751 45.25382)"
"328","002037","SACRO CUORE","VIA GALILEO FERRARIS,SNC","018024","BRONI","27.043","PV","23","23","690840","FONDAZIONE CONTE FRANCO CELLA DI RIVARA ONLUS","01331740181","84003740184","VIA EMILIA,328","018024","BRONI","PV","PRIVATA","45,0668199","9,2636985","SI","POINT (9.2636985 45.0668199)"
"327","001905","CASA FAMIGLIA  MADRE COLOMBA GABRIEL","VIA AMALIA FAUSTA FONDRIESCHI,8","020063","SOLFERINO","46.040","MN","65","65","690512","CASA GENERALIZIA  DELL'ISTITUTO DELLE SUORE BENEDETTINE DI CARITA'","01070331002","02525510588","VIA TOR DE' SCHIAVI,116","058091","ROMA","RM","PRIVATA","45,37286","10,56917","SI","POINT (10.56917 45.37286)"
"327","001869","RSA MAINARDI","VIA BRESCIA,207","019036","CREMONA","26.100","CR","84","84","690876","AZIENDA SPECIALE COMUNALE CREMONA SOLIDALE","01310740194","93042130190","VIA BRESCIA,207","019036","CREMONA","CR","PUBBLICA","45,15182072","10,03753022","SI","POINT (10.03753022 45.15182072)"
"322","000755","RESIDENZA AI PINI","VIA GASTALDI,31","012011","BESANO","21.050","VA","120","120","105007","MARINER UNO S.R.L.","05433160966","05433160966","CORSO DI PORTA ROMANA,54","015146","MILANO","MI","PRIVATA","45,8916633","8,8876201","SI","POINT (8.8876201 45.8916633)"
"321","000318","IL NAVIGLIO","VIA ALZAIA TRENTO,1","015093","CORSICO","20.094","MI","120","120","137308","GRUPPO GHERON SRL","01574550339","01574550339","VIA ARCHIMEDE,57","015146","MILANO","MI","PRIVATA","45,437482","9,120323","SI","POINT (9.120323 45.437482)"
"325","001400","FONDAZIONE FRANCESCO BALICCO - R.S.A.","VIA VALLERE,4","016133","MARTINENGO","24.057","BG","75","75","691406","FONDAZIONE FRANCESCO BALICCO","02260380163","83001790167","VIA VALLERE,4","016133","MARTINENGO","BG","PRIVATA","45,5724666","9,7750794","SI","POINT (9.7750794 45.5724666)"
"328","002165","CASA DI RIPOSO COMUNALE","VIA ROMA,1","018090","MEZZANA BIGLI","27.030","PV","21","20","730824","SOCIETA' DEMETRA S.R.L.","05064460966","05064460966","VIA MELORIA,4","015146","MILANO","MI","PRIVATA","45,0594939","8,8476418","SI","POINT (8.8476418 45.0594939)"
"325","001459","STRUTTURA PROTETTA HONEGGER","VIA CAPPUCCINI,10","016004","ALBINO","24.021","BG","60","60","690723","FONDAZIONE HONEGGER R.S.A.","01724950165","80025590169","VIA CAPPUCCINI,10","016004","ALBINO","BG","PRIVATA","45,7597433","9,7889304","SI","POINT (9.7889304 45.7597433)"
"328","002036","CASA DI RIPOSO","VIA VITTORIO EMANUELE,1","018184","ZAVATTARELLO","27.059","PV","37","37","123408","SERENI ORIZZONTI 1 SPA","02833470301","02833470301","VIA VITTORIO VENETO,45","030129","UDINE","UD","PRIVATA","44,8659007","9,2644728","SI","POINT (9.2644728 44.8659007)"
"321","000483","SAN FRANCESCO D'ASSISI","PIAZZA DEI PICCOLI MARTIRI,5","015146","MILANO","20.127","MI","74","74","691704","ASSOCIAZIONE VILLA SAN FERMO ONLUS","02158100137","02158100137","PIAZZA DEI PICCOLI MARTIRI,5","015146","MILANO","MI","PRIVATA","45,5043591","9,2245219","SI","POINT (9.2245219 45.5043591)"
"326","001719","RSA - FONDAZIONE COLTURI VILLA DEI PINI ONLUS","VIA TITO SPERI,50","017199","VILLA CARCINA","25.069","BS","80","72","690525","FONDAZIONE COLTURI VILLA DEI PINI ONLUS","00725020986","83001330170","VIA TITO SPERI,50","017199","VILLA CARCINA","BS","PRIVATA","45,6334472","10,1916544","SI","POINT (10.1916544 45.6334472)"
"324","001158","RSA SAN GIORGIO","VIA PER SAN GIORGIO,5","097060","OLIVETO LARIO","23.865","LC","59","59","194592","COOPERATIVA SOCIALE SAN MARTINO","03569300969","03569300969","VIA XX SETTEMBRE,6","012070","GALLARATE","VA","PRIVATA","45,8982983","9,3017494","SI","POINT (9.3017494 45.8982983)"
"327","001898","FONDAZIONE ONLUS CASA DI RIPOSO LEANDRA","PIAZZA ANTONIO GRAMSCI,60","020008","CANNETO SULL'OGLIO","46.013","MN","58","58","691328","FONDAZIONE ONLUS CASA DI RIPOSO LEANDRA","01608240204","81001370204","PIAZZA ANTONIO GRAMSCI,60","020008","CANNETO SULL'OGLIO","MN","PRIVATA","45,1490585","10,3802083","SI","POINT (10.3802083 45.1490585)"
"328","004790","RSA S. CROCE","VIALE GIACOMO MATTEOTTI,63","018110","PAVIA","27.100","PV","42","42","690361","ISTITUZIONI ASSISTENZIALI RIUNITE DI PAVIA - AZIENDA DI SERVIZI ALLA PERSONA","02030350181","02030350181","VIALE GIACOMO MATTEOTTI,63","018110","PAVIA","PV","PUBBLICA","45,19033","9,15258","SI","POINT (9.15258 45.19033)"
"327","001900","FONDAZIONE MAZZUCCHINI CASA DI RIPOSO POMPONESCO ONLUS","VIA GIUSEPPE GARIBALDI,36","020043","POMPONESCO","46.030","MN","43","35","690552","FONDAZIONE MAZZUCCHINI CASA DI RIPOSO POMPONESCO ONLUS","01542450208","01542450208","VIA GIUSEPPE GARIBALDI,36","020043","POMPONESCO","MN","PRIVATA","44,928349","10,5960424","SI","POINT (10.5960424 44.928349)"
"323","000914","CASA SAN LORENZO","VIA C.VISCONTI VENOSTA,7","014005","ARDENNO","23.011","SO","32","32","690851","ISTITUTO DELLE FIGLIE DI SANTA MARIA DELLA DIVINA PROVVIDENZA","01062811003","02477630582","PIAZZA DI SAN PANCRAZIO,9","058091","ROMA","RM","PRIVATA","46,1722222","9,6527315","SI","POINT (9.6527315 46.1722222)"
"326","001558","RSA DI VIA SANTA GIULIA N. 1","VIA SANTA GIULIA,1","017126","ORZIVECCHI","25.030","BS","42","41","690650","FONDAZIONI RIUNITE ONLUS DELLA BASSA BRESCIANA OCCIDENTALE","00726090988","86000210178","VIA V.GAMBARA,20","017125","ORZINUOVI","BS","PRIVATA","45,42016","9,959","SI","POINT (9.959 45.42016)"
"326","001476","RSA - FONDAZIONE CASA DI RIPOSO R.S.A PAOLO VI ONLUS","VIA ACHILLE PEDROCCA,7","017009","BAGNOLO MELLA","25.021","BS","115","102","690781","FONDAZIONE CASA DI RIPOSO - R.S.A. PAOLO VI ONLUS","00603240987","01121330177","VIA ACHILLE PEDROCCA,7","017009","BAGNOLO MELLA","BS","PRIVATA","45,4327194","10,1794849","SI","POINT (10.1794849 45.4327194)"
"324","001129","RSA RESIDENZA IL PARCO","VIALE GIUSEPPE GARIBALDI,37","108015","CARATE BRIANZA","20.841","MB","100","100","690807","SOCIETA' COOPERATIVA IL PARCO - CENTRO DI ATTIVITA' SOCIALI","00765810965","03894690159","VIALE GIUSEPPE GARIBALDI,37","108015","CARATE BRIANZA","MB","PRIVATA","45,6839459","9,2326715","SI","POINT (9.2326715 45.6839459)"
"321","000246","DON FELICE COZZI","VIA MONTE ROSA,60","015085","CORBETTA","20.011","MI","100","45","690506","UNIVERSIIS SOCIETA' COOPERATIVA SOCIALE","01818390302","01818390302","VIA CIVIDINA,41/A","030129","UDINE","UD","PRIVATA","45,4641499","8,905183","SI","POINT (8.905183 45.4641499)"
"322","000847","RSA VILLA FIAMMETTA","VIA GIACOMO LEOPARDI,132","012084","ISPRA","21.027","VA","120","120","690438","COMACO S.P.A.","01563860830","01563860830","VIA GIACOMO LEOPARDI,132","012084","ISPRA","VA","PRIVATA","45,82239","8,62447","SI","POINT (8.62447 45.82239)"
"323","000933","RSA FONDAZIONE GIOVANNINA RIZZIERI ETS","VIA NAZIONALE,45","017206","PIANCOGNO","25.052","BS","81","67","690574","FONDAZIONE GIOVANNINA RIZZIERI ONLUS","00723890984","81005270178","VIA NAZIONALE,45","017206","PIANCOGNO","BS","PRIVATA","45,9171875","10,2195423","SI","POINT (10.2195423 45.9171875)"
"321","000177","RESIDENZA EMILIO BERNARDELLI","VIA MARESCIALLO GIARDINO,20","015166","PADERNO DUGNANO","20.037","MI","119","119","690566","CLINICA POLISPECIALISTICA SAN CARLO SRL","02061970964","07410110154","VIA OSPEDALE,21","015166","PADERNO DUGNANO","MI","PRIVATA","45,57250688","9,15431625","SI","POINT (9.15431625 45.57250688)"
"325","001284","RSA FONDAZIONE GIOVANNI CARLO ROTA ONLUS","VIA DELLA REPUBBLICA,1","016007","ALMENNO SAN SALVATORE","24.031","BG","75","72","690861","FONDAZIONE GIOVANNI CARLO ROTA ONLUS","00401430160","00401430160","VIA DELLA REPUBBLICA,1","016007","ALMENNO SAN SALVATORE","BG","PRIVATA","45,7510529","9,6005297","SI","POINT (9.6005297 45.7510529)"
"327","001957","RSA SOMENZI","VIA BRESCIA,207","019036","CREMONA","26.100","CR","124","121","690876","AZIENDA SPECIALE COMUNALE CREMONA SOLIDALE","01310740194","93042130190","VIA BRESCIA,207","019036","CREMONA","CR","PUBBLICA","45,15182072","10,03753022","SI","POINT (10.03753022 45.15182072)"
"326","001663","RSA - CASA DI RIPOSO BERSABEA","VIA DANTE ALIGHIERI,15","017015","BERLINGO","25.030","BS","25","20","690826","DEL CENACOLO SOCIETA' COOPERATIVA SOCIALE ONLUS","01685930172","01685930172","VIA DANTE ALIGHIERI,15","017015","BERLINGO","BS","PRIVATA","45,5024036","10,0323853","SI","POINT (10.0323853 45.5024036)"
"325","001333","OPERA PIA CARITAS - ONLUS R.S.A. CASA SANTA MARIA","VIA CA' NOA,8","016253","VAL BREMBILLA","24.012","BG","86","86","170453","FONDAZIONE SAN LORENZO- OPERA PIA CARITAS ONLUS","04410980165","04410980165","VIALE MARTIRI DELLA LIBERTA',6","016246","ZOGNO","BG","PRIVATA","45,808358","9,597315","SI","POINT (9.597315 45.808358)"
"321","000513","SAN FAUSTINO","VIA SAN FAUSTINO,21","015146","MILANO","20.134","MI","150","150","691497","KOS CARE S.R.L.","01148190547","01148190547","VIA DURINI,9","015146","MILANO","MI","PRIVATA","45,4743089","9,2415243","SI","POINT (9.2415243 45.4743089)"
"325","085968","SANTA GIANNA BERETTA MOLLA","PIAZZALE OSPEDALE LUIGI MENEGUZZO,5","016219","TREVIGLIO","24.047","BG","35","35","690500","FONDAZIONE ANNI SERENI TREVIGLIO CARAVAGGIO E FARA GERA D'ADDA ONLUS","02110110166","84000910160","PIAZZALE OSPEDALE LUIGI MENEGUZZO,5","016219","TREVIGLIO","BG","PRIVATA","45,511455","9,611105","SI","POINT (9.611105 45.511455)"
"325","001306","RSA ISTITUTO S. GIUSEPPE","VIA BELLAVISTA,3","016238","VILLA D'ADDA","24.030","BG","230","220","690462","ISTITUTO SAN GIUSEPPE DELLE SUORE ORSOLINE DI GANDINO","00660710161","00660710161","VIA MASONE,20/A","016024","BERGAMO","BG","PRIVATA","45,7132132","9,4691475","SI","POINT (9.4691475 45.7132132)"
"326","001554","RSA - FONDAZIONE CENTRO DI SERVIZI PER ANZIANI CASA DI RIPOSO MAGGI ONLUS","VIA GUGLIELMO MARCONI,20","017045","CASTREZZATO","25.030","BS","47","45","690768","FONDAZIONE CENTRO DI SERVIZI PER ANZIANI CASA DI RIPOSO MAGGI - ONLUS","00724820980","82003210174","VIA GUGLIELMO MARCONI,20","017045","CASTREZZATO","BS","PRIVATA","45,5123509","9,9818891","SI","POINT (9.9818891 45.5123509)"
"327","001992","FONDAZIONE BEVILACQUA RIZZI","VIA GUGLIELMO OBERDAN,15","019003","ANNICCO","26.021","CR","40","36","690864","FONDAZIONE BEVILACQUA RIZZI ONLUS","00894300193","00894300193","VIA GUGLIELMO OBERDAN, 15","019003","ANNICCO","CR","PRIVATA","45,24403","9,88505","SI","POINT (9.88505 45.24403)"
"323","000975","""CASA DI RIPOSO """"COSTANTE PATRIZI""""""","PIAZZA BERNARDINO LUINI,5","014052","PONTE IN VALTELLINA","23.026","SO","61","56","691262","CASA DI RIPOSO COSTANTE PATRIZI ONLUS","00580700144","80002590141","PIAZZA BERNARDINO LUINI,5","014052","PONTE IN VALTELLINA","SO","PRIVATA","46,1767948","9,9808438","SI","POINT (9.9808438 46.1767948)"
"327","001813","RSA CASA CANOSSA","VIA MANTOVANA,6","020062","SERRAVALLE A PO","46.030","MN","71","70","691098","FONDAZIONE SALUTEVITA ONLUS","02619900208","01591200207","VIA XXIX LUGLIO 1848,28","020061","SERMIDE E FELONICA","MN","PRIVATA","45,06422","11,07738","SI","POINT (11.07738 45.06422)"
"321","000557","VILLA FLORA S.R.L.","VIA LEONARDO DA VINCI,60","015086","CORMANO","20.032","MI","120","120","690741","VILLA FLORA S.R.L.","11463140159","11463140159","VIA LEONARDO DA VINCI,60","015086","CORMANO","MI","PRIVATA","45,5528236","9,1686067","SI","POINT (9.1686067 45.5528236)"
"328","003543","CASA DI RIPOSO  FRANCESCO PERTUSATI","VIALE GIACOMO MATTEOTTI,63","018110","PAVIA","27.100","PV","246","238","690361","ISTITUZIONI ASSISTENZIALI RIUNITE DI PAVIA - AZIENDA DI SERVIZI ALLA PERSONA","02030350181","02030350181","VIALE GIACOMO MATTEOTTI,63","018110","PAVIA","PV","PUBBLICA","45,19033","9,15258","SI","POINT (9.15258 45.19033)"
"322","002717","GIOVANNI XXIII","VIA GIACOMO LEOPARDI,5/1","013147","MERONE","22.046","CO","62","62","690713","COOPERATIVA SOCIALE QUADRIFOGLIO S.C. ONLUS","03890320017","03890320017","VIALE SAVORGNAN D'OSOPPO,4/10","001191","PINEROLO","TO","PRIVATA","45,77974","9,24566","SI","POINT (9.24566 45.77974)"
"326","001686","RSA -""PIO RICOVERO INABILI AL LAVORO""","VIA OLGA E GIULIO PLUDA,10","017043","CASTENEDOLO","25.014","BS","79","67","690706","FONDAZIONE PIO RICOVERO INABILI AL LAVORO - ONLUS","03040990172","80015050174","VIA CONIUGI PLUDA,10","017043","CASTENEDOLO","BS","PRIVATA","45,4741802","10,3022068","SI","POINT (10.3022068 45.4741802)"
"322","002822","RSA CASA S. MARCELLINA","VIA TOMMASO GROSSI,20","013075","COMO","22.100","CO","83","81","690851","ISTITUTO DELLE FIGLIE DI SANTA MARIA DELLA DIVINA PROVVIDENZA","01062811003","02477630582","PIAZZA DI SAN PANCRAZIO,9","058091","ROMA","RM","PRIVATA","45,80996","9,09246","SI","POINT (9.09246 45.80996)"
"324","001199","RSA FONDAZIONE GIUSEPPE BESANA ONLUS","VICOLO LUIGI RHO,4/6","108030","MEDA","20.821","MB","80","80","690610","FONDAZIONE GIUSEPPE BESANA ONLUS","00746390962","03273050157","VICOLO LUIGI RHO,4/6","108030","MEDA","MB","PRIVATA","45,66708","9,16241","SI","POINT (9.16241 45.66708)"
"321","000691","RSA MADRE TERESA DI CALCUTTA","VIA CAMILLO BENSO CAVOUR,66","015151","MOTTA VISCONTI","20.086","MI","60","60","690672","KCS CAREGIVER COOPERATIVA SOCIALE","02125100160","02125100160","ROTONDA DEI MILLE,1","016024","BERGAMO","BG","PRIVATA","45,29012228","8,99953363","SI","POINT (8.99953363 45.29012228)"
"321","000339","RSA ANGELICA VITTADINI TERZAGHI","VIALE ALEXANDER FLEMING,2/4","098010","CASALPUSTERLENGO","26.841","LO","80","80","691090","AZIENDA SPECIALE DI SERVIZI CASALPUSTERLENGO (RSA ANGELICA VITTADINI TERZAGHI)","11824270158","11824270158","VIALE ALEXANDER FLEMING,2","098010","CASALPUSTERLENGO","LO","PUBBLICA","45,16923961","9,6502931","SI","POINT (9.6502931 45.16923961)"
"328","002091","FONDAZIONE PORTA SPINOLA ARNABOLDI ONLUS","VIA ROMA,14","018026","CAMPOSPINOSO","27.040","PV","85","85","690800","FONDAZIONE PORTA SPINOLA ARNABOLDI ONLUS","01746020187","84000520183","PIAZZA GIOVANNI PAOLO II","018026","CAMPOSPINOSO ALBAREDO","PV","PRIVATA","45,1024754","9,2453586","SI","POINT (9.2453586 45.1024754)"
"324","096985","RSA LE VILLE","VIA F.LLI ENRICO E ANGELO SCHIATTI 1","108054","LENTATE SUL SEVESO","20.823","MB","120","120","692369","CODESS SOCIALE SOCIETA' COOPERATIVA SOCIALE","03174760276","03174760276","VIA GIOVANNI BOCCACCIO,96","028060","PADOVA","PD","PRIVATA","45,67852","9,11462","SI","POINT (9.11462 45.67852)"
"322","000819","CASA DON GUANELLA","PIAZZA DON GUANELLA,43","012084","ISPRA","21.027","VA","63","63","691166","PROVINCIA ITALIANA DELLA CONGREGAZIONE DEI SERVI DELLA CARITA' - OPERA DON GUANELLA","01084241007","02595400587","VICOLO CLEMENTI,41","058091","ROMA","RM","PRIVATA","45,81452","8,61252","SI","POINT (8.61252 45.81452)"
"326","004852","RESIDENZA VITTORIA","VIA CALATAFIMI,1","017029","BRESCIA","25.122","BS","116","116","122349","VITTORIA S.R.L.","03534260983","03534260983","VIA FRANCESCO LONATI,3","017029","BRESCIA","BS","PRIVATA","45,542447","10,2120527","SI","POINT (10.2120527 45.542447)"
"321","000241","""CASA DELL'ANZIANO - RESIDENZA """"LUIGI STRADA""""""","VIA LEONARDO DA VINCI,26","015032","BRESSO","20.091","MI","90","90","690817","ENTE MORALE PIO XI - ETS","03658800150","03658800150","VIA LEONARDO DA VINCI,26","015032","BRESSO","MI","PRIVATA","45,53086","9,19657","SI","POINT (9.19657 45.53086)"
"328","002154","CASA DI RIPOSO GOTTARDO DELFINONI","VIA PALAZZO,20","018034","CASORATE PRIMO","27.022","PV","69","67","690786","CASA DI RIPOSO DELFINONI","01498340189","80008480180","VIA PALAZZO,20","018034","CASORATE PRIMO","PV","PRIVATA","45,30587","9,01555","SI","POINT (9.01555 45.30587)"
"327","001875","FONDAZIONE PIETRO SISSA","VIA GIUSEPPE VERDI,55","020035","MOGLIA","46.024","MN","71","67","690597","FONDAZIONE PIETRO SISSA","01331690204","82000130201","VIA GIUSEPPE VERDI,55","020035","MOGLIA","MN","PRIVATA","44,9316291","10,9058546","SI","POINT (10.9058546 44.9316291)"
"321","000391","FONDAZIONE VIGONI DELLA SOMAGLIA ETS","VIA GIACOMO MATTEOTTI,38/B","098054","SOMAGLIA","26.867","LO","78","78","690513","FONDAZIONE VIGONI DELLA SOMAGLIA - ONLUS","08618520152","82501850158","VIA GIACOMO MATTEOTTI,38/B","098054","SOMAGLIA","LO","PRIVATA","45,1481919","9,6368019","SI","POINT (9.6368019 45.1481919)"
"325","001321","FONDAZIONE BARTOLOMEA SPADA - SCHILPARIO VALLE DI SCALVE E.T.S.","VIA SOLIVA,18","016195","SCHILPARIO","24.020","BG","53","53","690501","FONDAZIONE BARTOLOMEA SPADA - SCHILPARIO VALLE DI SCALVE O.N.L.U.S.","01090130160","81000850164","VIA SOLIVA,18","016195","SCHILPARIO","BG","PRIVATA","46,010491","10,1513077","SI","POINT (10.1513077 46.010491)"
"321","000311","RESIDENZA S. MARTINO","VIA DON LUIGI UBOLDI,40/42","015027","BOLLATE","20.021","MI","147","147","691497","KOS CARE S.R.L.","01148190547","01148190547","VIA DURINI,9","015146","MILANO","MI","PRIVATA","45,5393554","9,1141193","SI","POINT (9.1141193 45.5393554)"
"326","001618","RSA - CASA DI SOGGIORNO PER ANZIANI - ONLUS","VIA SONVIGO,22","017014","BEDIZZOLE","25.081","BS","132","110","690491","FONDAZIONE CASA DI SOGGIORNO PER ANZIANI - ONLUS","00804850980","84001410178","VIA SONVIGO,22","017014","BEDIZZOLE","BS","PRIVATA","45,5094289","10,4316265","SI","POINT (10.4316265 45.5094289)"
"328","002124","CASA COMUNALE PER ANZIANI","VICOLO PREVOSTO GEROSA,15","018136","SAN GIORGIO DI LOMELLINA","27.020","PV","22","20","732588","ALE.MAR. COOPERATIVA SOCIALE ONLUS","01956990186","01956990186","VIA ROCCA VECCHIA,1","018177","VIGEVANO","PV","PRIVATA","45,17461","8,79121","SI","POINT (8.79121 45.17461)"
"321","000086","FONDAZIONE SACRA FAMIGLIA RSA SAN LUIGI","PIAZZA MONSIGNORE LUIGI MONETA,1","015074","CESANO BOSCONE","20.090","MI","80","80","690776","FONDAZIONE ISTITUTO SACRA FAMIGLIA ONLUS","00795470152","03034530158","PIAZZA MONSIGNORE LUIGI MONETA 1","015074","CESANO BOSCONE","MI","PRIVATA","45,4492226","9,09338791","SI","POINT (9.09338791 45.4492226)"
"323","000907","RSA FONDAZIONE SANTA MARIA DELLA NEVE ETS","VIA GIROLAMO ROMANINO,18","017143","PISOGNE","25.055","BS","100","100","690577","FONDAZIONE ONLUS SANTA MARIA DELLE NEVE","01375920178","80046980175","VIA GIROLAMO ROMANINO,18","017143","PISOGNE","BS","PRIVATA","45,80684","10,11118","SI","POINT (10.11118 45.80684)"
"325","001288","FONDAZIONE SANT'ANDREA","VIA SAN DEFENDENTE,1","016077","CLUSONE","24.023","BG","120","120","690757","FONDAZIONE SANT'ANDREA ONLUS","03215660162","03215660162","VIA SAN DEFENDENTE,1","016077","CLUSONE","BG","PRIVATA","45,89125","9,95353","SI","POINT (9.95353 45.89125)"
"326","001473","RSA - CASA DI RIPOSO DON F. CREMONA ONLUS","VIA BRITANNICI,18","017133","PALAZZOLO SULL'OGLIO","25.036","BS","75","70","690567","FONDAZIONE CASA DI RIPOSO DON F. CREMONA ONLUS","01775950171","01775950171","VIA BRITANNICI,18","017133","PALAZZOLO SULL'OGLIO","BS","PRIVATA","45,597512","9,8779437","SI","POINT (9.8779437 45.597512)"
"328","002105","RESIDENZA GIOVANNI AMODEO","VIA EDUARDO DE FILIPPO,3","018015","BORGARELLO","27.010","PV","69","64","147756","SCI MARO S.R.L.","13342710152","13342710152","VIA RUGGERO BOSCOVICH,35","015146","MILANO","MI","PRIVATA","45,241289","9,1359272","SI","POINT (9.1359272 45.241289)"
"328","100566","SORBO ROSSO","VIALE CRISTOFORO COLOMBO,53/55","018122","RIVANAZZANO TERME","27.055","PV","64",,"176574","ABBRACCIO COOPERATIVA SOCIALE ONLUS","02408600183","02408600183","VIA ANGELO CIGNOLI,124","018182","VOGHERA","PV","PRIVATA","44,91781","9,02232","NO","POINT (9.02232 44.91781)"
"321","003609","RSA L'OASI","VIA DON LUIGI STURZO,5","015072","CERRO MAGGIORE","20.023","MI","114","114","136089","RSA OASI CERRO SRL","09986470962","09986470962","VIA PORLEZZA,8","015146","MILANO","MI","PRIVATA","45,58115","8,98056","SI","POINT (8.98056 45.58115)"
"321","039428","RSA CASA GESU' MAESTRO","VIA GIACOMO MATTEOTTI,57","015077","CINISELLO BALSAMO","20.092","MI","65",,"146432","SOCIALCOOP CONSORZIO COOPERATIVE SOCIALI","01017410059","01017410059","VIA XX SETTEMBRE,126","005005","ASTI","AT","PRIVATA","45,5530216","9,234803","NO","POINT (9.234803 45.5530216)"
"322","000722","CASA DI RIPOSO GIULIO GIANETTI","VIA LARGA,13","012119","SARONNO","21.047","VA","120","105","690527","FONDAZIONE GIULIO GIANETTI ONLUS","00808960124","85002190123","VIA LARGA,13","012119","SARONNO","VA","PRIVATA","45,63746","9,04693","SI","POINT (9.04693 45.63746)"
"326","001668","RSA - SOGGIORNO SERENO EMILIA E EGIDIO PASINI","VIA IV NOVEMBRE,5/B","017121","ODOLO","25.076","BS","42","35","690642","FONDAZIONE SOGGIORNO SERENO EMILIA ED EGIDIO PASINI ONLUS","00728320987","96001560174","VIA FRATELLI SCALVINI,60","017121","ODOLO","BS","PRIVATA","45,6470378","10,3841808","SI","POINT (10.3841808 45.6470378)"
"322","002853","CASA SANTA MARIA DELLA PROVVIDENZA","VIA STATALE PER LECCO,20","013075","COMO","22.100","CO","66","66","690851","ISTITUTO DELLE FIGLIE DI SANTA MARIA DELLA DIVINA PROVVIDENZA","01062811003","02477630582","PIAZZA DI SAN PANCRAZIO,9","058091","ROMA","RM","PRIVATA","45,80247","9,10441","SI","POINT (9.10441 45.80247)"
"321","000496","RSA VILLA MAGGI","VIA CORRADO II IL SALICO,50","015146","MILANO","20.141","MI","120","120","691731","EDOS SRL","05831590962","05831590962","VIA BENEDETTO DA FOIANO,14","048017","FIRENZE","FI","PRIVATA","45,44139","9,19623","SI","POINT (9.19623 45.44139)"
"321","000037","CASCINA CORTENUOVA","VIA VIGNA DEL RONCO,7","015169","PAULLO","20.067","MI","22","22","690770","COOPERATIVA SOCIALE RIEDUCAZIONE MOTORIA ONLUS","08029590158","08029590158","VIA TRENNO,41","015146","MILANO","MI","PRIVATA","45,42124","9,39971","SI","POINT (9.39971 45.42124)"
"328","002134","VILLA MAFALDA","VIA BEATO TERESIO OLIVELLI,13","018018","BORGO SAN SIRO","27.020","PV","70","70","147756","SCI MARO S.R.L.","13342710152","13342710152","VIA RUGGERO BOSCOVICH,35","015146","MILANO","MI","PRIVATA","45,2367","8,9155","SI","POINT (8.9155 45.2367)"
"323","000923","RSA BEATO INNOCENZO","VIA XXIV MAGGIO,30","017017","BERZO INFERIORE","25.040","BS","62","62","690827","RSA BERZO INFERIORE S.R.L.","03193810987","03193810987","VIA XXIV MAGGIO,SNC","017017","BERZO INFERIORE","BS","PRIVATA","45,9316901","10,2770058","SI","POINT (10.2770058 45.9316901)"
"322","002837","ANTONIO VIVALDI","VIA SPARTA,18","013041","CANTU'","22.063","CO","120","120","690869","CROCE DI MALTA SRL","03653930960","03653930960","VIALE CASSALA,22","015146","MILANO","MI","PRIVATA","45,7462382","9,1445327","SI","POINT (9.1445327 45.7462382)"
"321","000014","PICCOLA CASA DELLA DIVINA PROVVIDENZA - COTTOLENGO","VIA SAN GIUSEPPE COTTOLENGO,1","015072","CERRO MAGGIORE","20.023","MI","120","120","690640","PICCOLA CASA DIVINA PROVVIDENZA COTTOLENGO","01538340017","01538340017","VIA SAN GIUSEPPE BENEDETTO COTTOLENGO,14","001272","TORINO","TO","PRIVATA","45,593047","8,941105","SI","POINT (8.941105 45.593047)"
"328","002045","CASA DI RIPOSO S. GIUSEPPE","VIALE PAPA GIOVANNI XXIII,3","018061","DORNO","27.020","PV","85","85","690427","CASA DI RIPOSO SAN GIUSEPPE ONLUS","01519850182","80004720183","VIALE PAPA GIOVANNI XXIII,3","018061","DORNO","PV","PRIVATA","45,1558337","8,9453873","SI","POINT (8.9453873 45.1558337)"
"325","001329","FONDAZIONE PIERO PICCINELLI CASA MARIA CONSOLATRICE ONLUS","VIA GIROLAMO ADELASIO,5/7","016194","SCANZOROSCIATE","24.020","BG","210","210","690531","FONDAZIONE PICCINELLI ONLUS","00668550163","00668550163","VIA GIROLAMO ADELASIO,5/7","016194","SCANZOROSCIATE","BG","PRIVATA","45,7118038","9,7341209","SI","POINT (9.7341209 45.7118038)"
"326","001571","RSA - CASA DI RIPOSO PER ANZIANI DI  TIGNALE","VIA SAN PIETRO,8","017185","TIGNALE","25.080","BS","41","41","690560","AZIENDA SPECIALE TIGNALE SERVIZI MANLIO BONINCONTRI","96019830171","96019830171","VIA SAN PIETRO,8","017185","TIGNALE","BS","PUBBLICA","45,7383778","10,7220976","SI","POINT (10.7220976 45.7383778)"
"327","001888","R.S.A ""A"" ISTITUTO OSPEDALIERO","PIAZZA LIBERTA',2","019099","SOSPIRO","26.048","CR","200","200","691264","ISTITUTO OSPEDALIERO DI SOSPIRO - ONLUS","00385470190","80004030195","PIAZZA LIBERTA',2","019099","SOSPIRO","CR","PRIVATA","45,10614","10,15735","SI","POINT (10.15735 45.10614)"
"324","001116","ISTITUTI RIUNITI AIROLDI E MUZZI ONLUS","VIA AIROLDI E MUZZI,2","097042","LECCO","23.900","LC","350","350","691373","ISTITUTI RIUNITI AIROLDI E MUZZI - ONLUS","01844010130","83005730136","VIA AIROLDI E MUZZI,2","097042","LECCO","LC","PRIVATA","45,85318","9,41724","SI","POINT (9.41724 45.85318)"
"323","000904","RSA FONDAZIONE VILLA MONS. DAMIANO ZANI","VIA PRADELLI,7","017018","BIENNO","25.040","BS","80","80","690833","FONDAZIONE ONLUS VILLA MONS. DAMIANO ZANI","07237909986","81004420170","VIA PRADELLI,7","017018","BIENNO","BS","PRIVATA","45,9359359","10,2915677","SI","POINT (10.2915677 45.9359359)"
"321","000255","SANTA CHIARA","VIA RICCARDO PITTERI,83","015146","MILANO","20.134","MI","40","40","691212","SEGESTA GESTIONI SRL","04140620966","04140620966","VIALE CASSALA,22","015146","MILANO","MI","PRIVATA","45,4782119","9,2463766","SI","POINT (9.2463766 45.4782119)"
"327","001965","RESIDENZA SANITARIA ASSISTENZIALE FONDAZIONE LUIGI BONI ONLUS","VIALE LUIGI CADORNA,4","020065","SUZZARA","46.029","MN","85","85","690557","FONDAZIONE LUIGI BONI ONLUS","01571920204","82002170205","VIALE LUIGI CADORNA,4","020065","SUZZARA","MN","PRIVATA","44,9879518","10,7435041","SI","POINT (10.7435041 44.9879518)"
"322","000696","FONDAZIONE GIOVENTU' NOVA VILLA ROVERA MOLINA ONLUS","VIA LUNGA,57","012008","BARASSO","21.020","VA","113","113","690487","FONDAZIONE GIOVENTU' NOVA VILLA ROVERA MOLINA ONLUS","80001710120","80001710120","VIA LUNGA,57","012008","BARASSO","VA","PRIVATA","45,8448506","8,7544384","SI","POINT (8.7544384 45.8448506)"
"325","001417","FONDAZIONE CASA DI RIPOSO - INFERMERIA FILISETTI - ETS","VIA DUCA D'AOSTA,1","016012","ARDESIO","24.020","BG","33","33","690839","FONDAZIONE CASA DI RIPOSO - INFERMERIA FILISETTI ONLUS","01647200169","81001250166","VIA DUCA D'AOSTA,1","016012","ARDESIO","BG","PRIVATA","45,9379","9,93002","SI","POINT (9.93002 45.9379)"
"322","002846","CASA BEATO LUIGI GUANELLA","VIA ENRICO CANTALUPPI,810","013129","LIPOMO","22.030","CO","55","55","690844","SAN GIUSEPPE SOCIETA' COOPERATIVA SOCIALE ONLUS","02082110137","02082110137","VIA BORGO VICO,6","013075","COMO","CO","PRIVATA","45,7954122","9,1159702","SI","POINT (9.1159702 45.7954122)"
"327","001955","RSA LUIGI BIANCHI","VIALE FIUME,49","020030","MANTOVA","46.100","MN","76","76","690629","ASPEF AZIENDA SERVIZI ALLA PERSONA E ALLA FAMIGLIA","01837820206","01837820206","PIAZZALE MICHELANGELO,1","020030","MANTOVA","MN","PUBBLICA","45,15172","10,77438","SI","POINT (10.77438 45.15172)"
"324","063828","RSA ANNI AZZURRI VICO MERCATI","VIA ROSSINO,1","108050","VIMERCATE","20.871","MB","120","60","691497","KOS CARE S.R.L.","01148190547","01148190547","VIA DURINI,9","015146","MILANO","MI","PRIVATA","45,608243","9,388833","SI","POINT (9.388833 45.608243)"
"321","092579","RSA VISCONTI","VIALE EUROPA,90","015097","CUSAGO","20.047","MI","110",,"183772","VISCONTEA LIFE S.R.L.","05627570962","05627570962","VIA CERNAIA,11","015146","MILANO","MI","PRIVATA","45,4320346","9,0502775","NO","POINT (9.0502775 45.4320346)"
"322","000851","RSA VILLA PARINI","VIA GIUSEPPE GARIBALDI,29","012079","GORLA MINORE","21.055","VA","150","148","691731","EDOS SRL","05831590962","05831590962","VIA BENEDETTO DA FOIANO,14","048017","FIRENZE","FI","PRIVATA","45,6472403","8,8984656","SI","POINT (8.8984656 45.6472403)"
"322","000753","CASA DI RIPOSO D. BERNACCHI - GERLI ARIOLI ONLUS","VIA GIUSEPPE FERRARI,11","012072","GAVIRATE","21.026","VA","85","82","690736","FONDAZIONE DOMENICO BERNACCHI-GERLI ARIOLI ONLUS","01485670127","83002910129","VIA GIUSEPPE FERRARI,11","012072","GAVIRATE","VA","PRIVATA","45,8438508","8,7179698","SI","POINT (8.7179698 45.8438508)"
"326","001591","RSA - ""O.P. DELBARBA-MASELLI-DANDOLO""","VIA CAIROLI,29","017002","ADRO","25.030","BS","101","95","690856","OPERA PIA DELBARBA-MASELLI-DANDOLO, CENTRO SOCIALE DI ASSISTENZA POLIVALENTE FONDAZIONE ONLUS","82000770170","82000770170","VIA CAIROLI,29","017002","ADRO","BS","PRIVATA","45,6227027","9,9642169","SI","POINT (9.9642169 45.6227027)"
"327","001811","FONDAZIONE BAGUZZI DASSU'","VIA CAMPAGNE,2","020059","SAN MARTINO DALL'ARGINE","46.010","MN","40","34","690588","FONDAZIONE BAGUZZI DASSU'","01572850202","80004710200","VIA CAMPAGNE,2","020059","SAN MARTINO DALL'ARGINE","MN","PRIVATA","45,09304","10,51049","SI","POINT (10.51049 45.09304)"
"324","001170","RSA RESIDENZA SAN CAMILLO","VIA VISCONTA,1","108008","BESANA IN BRIANZA","20.842","MB","97","83","200735","PROVINCIA NORD ITALIANA DELL'ORDINE DEI MINISTRI DEGLI INFERMI (CAMILLIANI)","13471450968","01556270153","VIA RUGGERO BOSCOVICH, 25","015146","MILANO","MI","PRIVATA","45,7069455","9,2684652","SI","POINT (9.2684652 45.7069455)"
"327","001837","CASA SOGGIORNO NOLLI PIGOLI","VIALE EUROPA,1","019095","SESTO ED UNITI","26.028","CR","72","70","692255","L'OASI - SOCIETA' COOPERATIVA SOCIALE - ONLUS","02007000983","02007000983","VIA GIOVANNI PAVONI, 33","017125","ORZINUOVI","BS","PRIVATA","45,17349","9,91343","SI","POINT (9.91343 45.17349)"
"321","000542","RESIDENZA SAN CELSO","VIA DON CARLO GNOCCHI,32","015146","MILANO","20.148","MI","120","120","180052","RSA SAN CELSO SRL","10389880963","10389880963","VIA SAN DONATO,97","001272","TORINO","TO","PRIVATA","45,46964513","9,12840901","SI","POINT (9.12840901 45.46964513)"
"321","000266","CENTRO SANTA MARIA AL CASTELLO ONLUS","PIAZZA CASTELLO,20/22","015172","PESSANO CON BORNAGO","20.042","MI","87","87","690451","FONDAZIONE DON CARLO GNOCCHI ONLUS","12520870150","04793650583","VIA CARLO GIROLA,30","015146","MILANO","MI","PRIVATA","45,5513348","9,3851859","SI","POINT (9.3851859 45.5513348)"
"328","002100","ISTITUZIONI RIUNITE MEDE","PIAZZA GUGLIELMO MARCONI,2","018088","MEDE","27.035","PV","130","126","690667","ISTITUZIONI RIUNITE ETS","01505250181","82001450186","PIAZZA GUGLIELMO MARCONI,2","018088","MEDE","PV","PRIVATA","45,0986347","8,7349234","SI","POINT (8.7349234 45.0986347)"
"327","001975","""FONDAZIONE """"ESILDA E FRANCESCO SOLDI"""" ONLUS""","VIA GIUSEPPE GARIBALDI,93","019113","VESCOVATO","26.039","CR","135","135","690519","""FONDAZIONE """"ESILDA E FRANCESCO SOLDI"""" ONLUS""","00748800190","80002390195","VIA GIUSEPPE GARIBALDI, 93","019113","VESCOVATO","CR","PRIVATA","45,1757367","10,1687282","SI","POINT (10.1687282 45.1757367)"
"326","001535","R.S.A. SPAZZINI -  FABENI","VIA SANT'ANTONIO,20","017041","CASTELCOVATI","25.030","BS","34","29","692093","COOPERATIVA SOCIALE SOCIETA' DOLCE SOCIETA' COOPERATIVA","03772490375","03772490375","VIA CRISTINA DA PIZZANO,5","037006","BOLOGNA","BO","PRIVATA","45,49953","9,94386","SI","POINT (9.94386 45.49953)"
"322","002750","FONDAZIONE CASE DI RIPOSO RIUNITE DI BREGNANO E LOMAZZO - RSA BREGNANO","VIALE JOHN FITZGERALD KENNEDY,70","013028","BREGNANO","22.070","CO","66","66","152072","FONDAZIONE CASE DI RIPOSO RIUNITE DI BREGNANO E LOMAZZO ONLUS","03850460134","03850460134","VIA DEL LAGHETTO,9","013133","LOMAZZO","CO","PRIVATA","45,70812971","9,05667962","SI","POINT (9.05667962 45.70812971)"
"328","002166","DON GIUSEPPE GENNARO","VIA LEONARDO DA VINCI,1","018069","GARLASCO","27.026","PV","163","158","690788","OPERA CHARITAS S. ANNA","01238910184","85002170182","VIA LEONARDO DA VINCI,1","018069","GARLASCO","PV","PRIVATA","45,1910493","8,9358011","SI","POINT (8.9358011 45.1910493)"
"322","002802","OPERA PIA ROSCIO ETS","VIA LANDOLFO DA CARCANO,5","013003","ALBAVILLA","22.031","CO","80","80","690859","OPERA PIA ROSCIO ONLUS","01380320133","82002480133","VIA ROSCIO,16","013003","ALBAVILLA","CO","PRIVATA","45,80258","9,1956","SI","POINT (9.1956 45.80258)"
"326","001693","RSA - FONDAZIONE MADONNA DEL CORLO ONLUS","CORSO GIUSEPPE GARIBALDI,3","017092","LONATO DEL GARDA","25.017","BS","74","74","690424","MADONNA DEL CORLO O.N.L.U.S.","00712050988","02964900175","CORSO GIUSEPPE GARIBALDI,3","017092","LONATO DEL GARDA","BS","PRIVATA","45,45987603","10,48283863","SI","POINT (10.48283863 45.45987603)"
"321","000069","RSA ANGELINA E ANGELO POZZOLI","VIA RESEGONE,60","015118","LEGNANO","20.025","MI","70","70","691480","SAN FRANCESCO SOCIETA' COOPERATIVA SOCIALE","03343390963","03343390963","VIA PREALPI,1/A","108035","NOVA MILANESE","MB","PRIVATA","45,60555","8,92318","SI","POINT (8.92318 45.60555)"
"324","001064","RSA VILLA SAN CLEMENTE","VIA GIUSEPPE GARIBALDI,77","108049","VILLASANTA","20.852","MB","110","110","691212","SEGESTA GESTIONI SRL","04140620966","04140620966","VIALE CASSALA,22","015146","MILANO","MI","PRIVATA","45,6042353","9,3090212","SI","POINT (9.3090212 45.6042353)"
"327","001819","RSA I GIRASOLI","VIA M.K.GANDHI,1","020071","BORGO VIRGILIO","46.034","MN","120","120","691118","I GIRASOLI S.P.A.","01799680358","01799680358","VIA DANUBIO,19","035033","REGGIO NELL'EMILIA","RE","PRIVATA","45,11582","10,7813","SI","POINT (10.7813 45.11582)"
"328","002218","LA RISAIA","STRADA PER TORRADELLO,2","018086","MARCIGNAGO","27.020","PV","59","59","690770","COOPERATIVA SOCIALE RIEDUCAZIONE MOTORIA ONLUS","08029590158","08029590158","VIA TRENNO,41","015146","MILANO","MI","PRIVATA","45,2578973","9,0755956","SI","POINT (9.0755956 45.2578973)"
"321","000218","RESIDENZA DEL PARCO","VIA BRENTA,13","015076","CESATE","20.031","MI","120","120","691152","RESIDENZA DEL PARCO S.R.L.","11497560158","02297500049","VIA XIV STRADA,11","015076","CESATE","MI","PRIVATA","45,5990209","9,0750293","SI","POINT (9.0750293 45.5990209)"
"321","000286","SANTA LUCIA","VIA VEPRA,2","015146","MILANO","20.144","MI","120","120","691212","SEGESTA GESTIONI SRL","04140620966","04140620966","VIALE CASSALA,22","015146","MILANO","MI","PRIVATA","45,4574218","9,1576312","SI","POINT (9.1576312 45.4574218)"
"326","001716","RSA - FONDAZIONE CASA DI RIPOSO DI  MANERBIO ONLUS","PIAZZA ALDO MORO,6/A","017103","MANERBIO","25.025","BS","84","84","690628","FONDAZIONE CASA DI RIPOSO DI MANERBIO ONLUS","00727110983","88000670179","PIAZZA ALDO MORO,6/A","017103","MANERBIO","BS","PRIVATA","45,3583817","10,138755","SI","POINT (10.138755 45.3583817)"
"323","000953","FONDAZIONE CASA DI RIPOSO BONGIONI-LAMBERTENGHI ETS","VIA BELTRAMELLI,39","014078","VILLA DI TIRANO","23.030","SO","76","76","690698","FONDAZIONE CASA DI RIPOSO BONGIONI LAMBERTENGHI ONLUS","00485220149","83000820148","VIA BELTRAMELLI,39","014078","VILLA DI TIRANO","SO","PRIVATA","46,20414","10,13722","SI","POINT (10.13722 46.20414)"
"322","002747","DON ALESSANDRO POZZOLI","VIA ROMA,4","013042","CANZO","22.035","CO","74","74","690803","""FONDAZIONE R.S.A. """"DON A. POZZOLI"""" ONLUS""","00643020134","00643020134","VIA ROMA,4","013042","CANZO","CO","PRIVATA","45,8497106","9,2725512","SI","POINT (9.2725512 45.8497106)"
"328","002192","PADRE GIOVANNI BALDUZZI","VIA VINCENZO MONTI,16","018177","VIGEVANO","27.029","PV","122","120","690788","OPERA CHARITAS S. ANNA","01238910184","85002170182","VIA LEONARDO DA VINCI,1","018069","GARLASCO","PV","PRIVATA","45,32743","8,87224","SI","POINT (8.87224 45.32743)"
"322","002735","RESIDENZA SAN GIOVANNI","VIA ROMAGNOLI,4","013013","ASSO","22.033","CO","37","37","691716","EMMAUS SRL","01457730032","01457730032","VIA CAPPUCCINI,4","015146","MILANO","MI","PRIVATA","45,86212573","9,26877999","SI","POINT (9.26877999 45.86212573)"
"326","001611","RSA VILLA DI SALUTE","VIA OTTAVIANO MONTINI,37","017029","BRESCIA","25.133","BS","120","120","690815","FONDAZIONE PAOLA DI ROSA ONLUS","03338720174","98043210172","VIA MORETTO,34","017029","BRESCIA","BS","PRIVATA","45,56782","10,24315","SI","POINT (10.24315 45.56782)"
"325","001257","FONDAZIONE CASA SERENA LEFFE ETS","VIA PEZZOLI D'ALBERTONI,65","016124","LEFFE","24.026","BG","105","103","691333","FONDAZIONE CASA SERENA - LEFFE O.N.L.U.S.","03114570165","81002130169","VIA PEZZOLI D'ALBERTONI,65","016124","LEFFE","BG","PRIVATA","45,8007878","9,8879766","SI","POINT (9.8879766 45.8007878)"
"327","001798","FONDAZIONE GIUSEPPINA BRUNENGHI ONLUS","VIA BECCADELLO,6","019025","CASTELLEONE","26.012","CR","125","124","690696","FONDAZIONE GIUSEPPINA BRUNENGHI ONLUS","00387930191","83000630190","VIA BECCADELLO,6","019025","CASTELLEONE","CR","PRIVATA","45,29034768","9,76475263","SI","POINT (9.76475263 45.29034768)"
"328","002226","FONDAZIONE PIO ISTITUTO ADELINA NIGRA ETS","PIAZZA RISORGIMENTO,3","018146","SARTIRANA LOMELLINA","27.020","PV","75","75","690529","FONDAZIONE PIO ISTITUTO ADELINA NIGRA ETS","01504240183","82001530185","PIAZZA RISORGIMENTO,3","018146","SARTIRANA LOMELLINA","PV","PRIVATA","45,11338","8,6693","SI","POINT (8.6693 45.11338)"
"324","001069","RESIDENZA VILLA SERENA","VIA DON ARTURO FUMAGALLI,5","097040","INTROBIO","23.815","LC","63","63","690645","A.S.A. ASSOCIAZIONE AL SERVIZIO DEGLI ANZIANI ONLUS","01952230132","04423580150","VIA DON ARTURO FUMAGALLI,5","097040","INTROBIO","LC","PRIVATA","45,97153604","9,45400622","SI","POINT (9.45400622 45.97153604)"
"322","000795","RSA  A.S.FAR.M","VIA CARLO MACIACHINI,9","012083","INDUNO OLONA","21.056","VA","21","21","690634","A.S.FAR.M. AZIENDA SPEC. FARMACIA SERV.SOCIO SANIT","02020550121","02020550121","VIA BRUNO JAMORETTI,51","012083","INDUNO OLONA","VA","PUBBLICA","45,84972731","8,84254851","SI","POINT (8.84254851 45.84972731)"
"321","000633","FONDAZIONE MILANI ETS","VIA ROMA,83","098014","CASTIGLIONE D'ADDA","26.823","LO","57","55","690766","FONDAZIONE MILANI ONLUS","08277760156","82502810151","VIA ROMA,83","098014","CASTIGLIONE D'ADDA","LO","PRIVATA","45,2159799","9,6953211","SI","POINT (9.6953211 45.2159799)"
"327","001810","RSA MONS. BENEDINI","VIA FRANCESCO CRISPI,119","020031","MARCARIA","46.010","MN","60","60","690631","FONDAZIONE MONSIGNOR BENEDINI ONLUS","01306390202","80020890200","VIA FRANCESCO CRISPI,119","020031","MARCARIA","MN","PRIVATA","45,1212974","10,5357616","SI","POINT (10.5357616 45.1212974)"
"325","001360","CASA DI RIPOSO PIATTI VENANZI - FONDAZIONE O.N.L.U.S. - R.S.A.","VIA SANTA MARIA ELISABETTA,36","016157","PALOSCO","24.050","BG","69","69","690568","CASA DI RIPOSO PIATTI-VENANZI FONDAZIONE O.N.L.U.S.","03118770167","83001590161","VIA SANTA MARIA ELISABETTA,36","016157","PALOSCO","BG","PRIVATA","45,582323","9,8392552","SI","POINT (9.8392552 45.582323)"
"324","001119","RSA PIETRO BUZZI","VIA CESARE CANTU',75/4-75/B","097059","OLGINATE","23.854","LC","62","62","690672","KCS CAREGIVER COOPERATIVA SOCIALE","02125100160","02125100160","ROTONDA DEI MILLE,1","016024","BERGAMO","BG","PRIVATA","45,7920891","9,4167661","SI","POINT (9.4167661 45.7920891)"
"321","000530","""ISTITUTO GERIATRICO MILANESE """"OPERA PASTOR ANGELICUS""""""","VIA ARSIA,7","015146","MILANO","20.157","MI","150","150","690414","ISTITUTO GERIATRICO MILANESE S.P.A.","12192560154","04337840484","VIA PIER ALESSANDRO PARAVIA,63","015146","MILANO","MI","PRIVATA","45,5155355","9,1277516","SI","POINT (9.1277516 45.5155355)"
"322","000757","CASA S. ANGELO","VIA SAN DONATO,2","012120","SESTO CALENDE","21.018","VA","63","63","690508","PROVINCIA ITALIANA SUORE MERCEDARIE","01139221004","02945990584","VIA GARIGLIANO,86","058091","ROMA","RM","PRIVATA","45,729545","8,6324489","SI","POINT (8.6324489 45.729545)"
"323","002952","CASA SACRO CUORE","FRAZIONE CALOZZO,126","013183","PIANELLO DEL LARIO","22.010","CO","52","52","690851","ISTITUTO DELLE FIGLIE DI SANTA MARIA DELLA DIVINA PROVVIDENZA","01062811003","02477630582","PIAZZA DI SAN PANCRAZIO,9","058091","ROMA","RM","PRIVATA","46,10167","9,277061","SI","POINT (9.277061 46.10167)"
"321","000660","RSA LAINATE","VIA MARCHE,72","015116","LAINATE","20.045","MI","105","100","121112","SERCOP AZIENDA SERVIZI COMUNALI ALLA PERSONA","05728560961","05728560961","VIA DEI CORNAGGIA,33","015182","RHO","MI","PUBBLICA","45,5584823","9,0241227","SI","POINT (9.0241227 45.5584823)"
"321","000423","ALBERGO DEL NONNO","VIA DON BALZARINI,51","015168","PARABIAGO","20.015","MI","66","66","690570","COMUNE DI PARABIAGO","01059460152","01059460152","PIAZZA DELLA VITTORIA,7","015168","PARABIAGO","MI","PUBBLICA","45,5534379","8,9315719","SI","POINT (8.9315719 45.5534379)"
"323","000961","R.S.A. BAITA SERENA","VIA SAN NICOLO',105","014073","VALFURVA","23.030","SO","43","40","691041","FORME SOCIETA' COOPERATIVA SOCIALE","00605190149","00605190149","VIA MERIGGIO,4","014061","SONDRIO","SO","PRIVATA","46,4615192","10,4175389","SI","POINT (10.4175389 46.4615192)"
"322","002883","LINA ERBA","LUNGOLAGO GIACOMO MATTEOTTI,17","013189","PORLEZZA","22.018","CO","72","72","690875","ISTITUTO MINIME SUORE SACRO CUORE","00247580970","00971280482","VIA GIULIANO DA SANGALLO,2","100004","POGGIO A CAIANO","PO","PRIVATA","46,0350847","9,1191265","SI","POINT (9.1191265 46.0350847)"
"325","001393","CASA DI RIPOSO S. LORENZO","VIA SAN LORENZO,1","016223","VALBONDIONE","24.020","BG","29","29","690475","CASA DI RIPOSO S. LORENZO - ENTE PARROCCHIALE","01087680169","90001930164","VIA SAN LORENZO,1","016223","VALBONDIONE","BG","PRIVATA","46,03493","10,00715","SI","POINT (10.00715 46.03493)"
"325","001388","ISTITUTO PALAZZOLO R.S.A.","VIA GAETANO DONIZETTI,3","016214","TORRE BOLDONE","24.020","BG","144","135","690825","ISTITUTO DELLE SUORE DELLE POVERELLE ISTITUTO PALAZZOLO","00533470167","00533470167","VIA SAN BERNARDINO,56","016024","BERGAMO","BG","PRIVATA","45,7179926","9,7071429","SI","POINT (9.7071429 45.7179926)"
"321","000074","CASA MATER ORPHANORUM","VIA OSPEDALE VECCHIO,2","015096","CUGGIONO","20.012","MI","34","34","690746","OPERA MATER ORPHANORUM","00408560704","80034770158","VIA DEI SARACENI,1","070017","CERCEMAGGIORE","CB","PRIVATA","45,50648","8,81516","SI","POINT (8.81516 45.50648)"
"326","001472","FONDAZIONE ISTITUTO PIETRO CADEO ONLUS","VIALE PIETRO CADEO,13","017052","CHIARI","25.032","BS","150","145","690778","ISTITUTO PIETRO CADEO ONLUS","00724380985","82000970176","VIALE PIETRO CADEO,13","017052","CHIARI","BS","PRIVATA","45,5338702","9,9269997","SI","POINT (9.9269997 45.5338702)"
"328","002150","CASA DI RIPOSO PER ANZIANI","VICOLO SCUOLE/ANGOLO DELLE MONDINE 5","018186","ZEME","27.030","PV","28","28","690469","COMUNE DI ZEME","01033550185","83001790183","VICOLO DELLE SCUOLE,5","018186","ZEME","PV","PUBBLICA","45,19775","8,66721","SI","POINT (8.66721 45.19775)"
"321","000628","FONDAZIONE CASA DI RIPOSO CITTA' DI  ABBIATEGRASSO ONLUS","STRADA PER CASSINETTA DI LUGAGNANO,25","015002","ABBIATEGRASSO","20.081","MI","91","90","690853","FONDAZIONE CASA DI RIPOSO CITTA' DI ABBIATEGRASSO ONLUS","09345870159","82000770154","STRADA PER CASSINETTA DI LUGAGNANO,25","015002","ABBIATEGRASSO","MI","PRIVATA","45,41295","8,90964","SI","POINT (8.90964 45.41295)"
"321","000054","ISTITUTO GERIATRICO VERGANI E BASSI","VIA LAZZARETTO,2","015108","GORGONZOLA","20.064","MI","106","106","691220","ISTITUTO GERIATRICO VERGANI E BASSI ONLUS","06034150158","06034150158","VIA LAZZARETTO,2","015108","GORGONZOLA","MI","PRIVATA","45,530247","9,402823","SI","POINT (9.402823 45.530247)"
"328","002076","CENTRO APERTO A. CHIESA - VISCONTI","VIA AGOSTINO CHIESA,6","018130","ROSASCO","27.030","PV","20","20","732588","ALE.MAR. COOPERATIVA SOCIALE ONLUS","01956990186","01956990186","VIA ROCCA VECCHIA,1","018177","VIGEVANO","PV","PRIVATA","45,2498361","8,578962","SI","POINT (8.578962 45.2498361)"
"322","002842","CENTRO GERIATRICO PORTA SPINOLA","VIA SANTO STEFANO,28","013143","MARIANO COMENSE","22.066","CO","70","70","690609","FONDAZIONE PORTA SPINOLA","02418440133","81008470130","VIA SANTO STEFANO,28","013143","MARIANO COMENSE","CO","PRIVATA","45,6968546","9,176879","SI","POINT (9.176879 45.6968546)"
"328","002170","PENSIONATO ZANABONI","VIA ANTONIO CAGNONI,9 BIS","018182","VOGHERA","27.058","PV","62","62","690465","OPERA PIA CASA DEL PANE ASILO NOTTURNO PENSIONATO ZANABONI ONLUS","01122500182","86002700184","VIA ANTONIO CAGNONI,9/BIS","018182","VOGHERA","PV","PRIVATA","44,99571","9,00608","SI","POINT (9.00608 44.99571)"
"322","002833","SANTA MARIA DELLA PACE","VIA DELLA LIBERTA',3","013065","CERNOBBIO","22.012","CO","50","40","691713","PROVIDENTIA S.R.L.","02265320131","02265320131","VIA BENEDETTO DA FOIANO,14","048017","FIRENZE","FI","PRIVATA","45,8440408","9,0736309","SI","POINT (9.0736309 45.8440408)"
"327","001766","R.S.A. ""B""","VIA BRESCIA,207","019036","CREMONA","26.100","CR","40","40","690876","AZIENDA SPECIALE COMUNALE CREMONA SOLIDALE","01310740194","93042130190","VIA BRESCIA,207","019036","CREMONA","CR","PUBBLICA","45,15182072","10,03753022","SI","POINT (10.03753022 45.15182072)"
"325","001226","FONDAZIONE DON CARLO ZANONCELLO","VIA GIACOMO MATTEOTTI,2/A","016044","CALCIO","24.054","BG","68","68","690797","FONDAZIONE DON CARLO ZANONCELLO ONLUS","01983590165","83000530168","VIA SAN FERMO,10","016044","CALCIO","BG","PRIVATA","45,5115844","9,8482554","SI","POINT (9.8482554 45.5115844)"
"327","001997","CASA DI RIPOSO RESIDENZA ALLA PACE","VIA GIACOMO MATTEOTTI,2","020073","BORGOCARBONARA","46.021","MN","42","42","690808","COOPERATIVA SERVIZI E SOLIDARTIETA' SOCIALE RESIDENZA ALLA PACE ONLUS","01665900203","01665900203","VIA RONCADA,5","020073","BORGOCARBONARA","MN","PRIVATA","45,0516395","11,205916","SI","POINT (11.205916 45.0516395)"
"321","000616","RESIDENZA BORROMEA","VIA MICHELANGELO BUONARROTI,9","015139","MEDIGLIA","20.076","MI","150","150","691251","RESIDENZA BORROMEA S.R.L.","13426660158","13426660158","VIA MICHELANGELO BUONARROTI,9","015139","MEDIGLIA","MI","PRIVATA","45,4276295","9,3654334","SI","POINT (9.3654334 45.4276295)"
"322","002931","SACRO CUORE - 2","VIA ROMA,33","013087","DIZZASCO","22.020","CO","20","20","690750","ASSOCIAZIONE IL FOCOLARE DI S. MARIA DI LORETO","01943130136","95022310130","VIA VANONE CERESOLA,3","013253","ALTA VALLE INTELVI","CO","PRIVATA","45,9480702","9,0972069","SI","POINT (9.0972069 45.9480702)"
"328","002122","LA CERTOSA DI PAVIA","VIA SANT'AGOSTINO,6","018046","CERTOSA DI PAVIA","27.012","PV","120","120","690869","CROCE DI MALTA SRL","03653930960","03653930960","VIALE CASSALA,22","015146","MILANO","MI","PRIVATA","45,24319","9,11936","SI","POINT (9.11936 45.24319)"
"328","002047","CASA DI RIPOSO FRATELLI CARNEVALE","VIA FIUME,12","018068","GAMBOLO'","27.025","PV","129","120","690729","ROSA SOCIETA' COOPERATIVA SOCIALE","02229710187","02229710187","VIA LOMELLINA,42/D","018068","GAMBOLO'","PV","PRIVATA","45,2583567","8,8565222","SI","POINT (8.8565222 45.2583567)"
"322","002774","KAROL WOJTYLA","PIAZZA DON FRANCESCO LANZANI,1","013188","PONTE LAMBRO","22.037","CO","64","64","691828","GESTIO SRL","08039010965","08039010965","PIAZZA SANT'AGOSTINO,24","015146","MILANO","MI","PRIVATA","45,83034","9,22642","SI","POINT (9.22642 45.83034)"
"328","095372","RSA RESIDENZA CA' VISCONTI","VIA DELLA ROVEDA,2/B","018014","BEREGUARDO","27.021","PV","90","90","692369","CODESS SOCIALE SOCIETA' COOPERATIVA SOCIALE","03174760276","03174760276","VIA GIOVANNI BOCCACCIO,96","028060","PADOVA","PD","PRIVATA","45,25382","9,02751","SI","POINT (9.02751 45.25382)"
"324","001169","RSA SAN PIETRO","VIALE CESARE BATTISTI,86","108033","MONZA","20.900","MB","140","140","690603","LA MERIDIANA SOCIETA' COOPERATIVA SOCIALE","02322460961","08400690155","VIALE CESARE BATTISTI,86","108033","MONZA","MB","PRIVATA","45,59112","9,25571","SI","POINT (9.25571 45.59112)"
"327","001989","FONDAZIONE BENEFATTORI CREMASCHI","VIA KENNEDY,2","019035","CREMA","26.013","CR","20","20","690690","FONDAZIONE BENEFATTORI CREMASCHI ONLUS","01319070197","01319070197","VIA KENNEDY,2","019035","CREMA","CR","PRIVATA","45,3601202","9,6886683","SI","POINT (9.6886683 45.3601202)"
"321","000257","AZIENDA SPECIALE CASA DI RIPOSO GALLAZZI VISMARA","VIA GIACOMO MATTEOTTI,30","015009","ARESE","20.044","MI","110","110","121112","SERCOP AZIENDA SERVIZI COMUNALI ALLA PERSONA","05728560961","05728560961","VIA DEI CORNAGGIA,33","015182","RHO","MI","PUBBLICA","45,55404","9,07746","SI","POINT (9.07746 45.55404)"
"322","000700","RESIDENZA AL LAGO","VIA GIACOMO MATTEOTTI,56","012113","PORTO CERESIO","21.050","VA","86","86","105007","MARINER UNO S.R.L.","05433160966","05433160966","CORSO DI PORTA ROMANA,54","015146","MILANO","MI","PRIVATA","45,8994862","8,8999413","SI","POINT (8.8999413 45.8994862)"
"326","001617","RSA - FONDAZIONE A. PASSERINI - CASA DI RIPOSO VALSABBINA ONLUS","VIA ANGELO PASSERINI,8","017197","VESTONE","25.078","BS","99","91","690691","FONDAZIONE ANGELO PASSERINI - CASA DI RIPOSO VALSABBINA - ONLUS","01671590980","87000610177","VIA ANGELO PASSERINI,8","017197","VESTONE","BS","PRIVATA","45,7038622","10,3864256","SI","POINT (10.3864256 45.7038622)"
"327","001814","RSA COMUNALE","VIA GABRIELE D'ANNUNZIO,3","020055","SAN BENEDETTO PO","46.027","MN","72","72","691811","SANITHAD SERVIZI SOCIALI SOCIETA' COOPERATIVA SOCIALE ONLUS","01304810201","01304810201","VIA DEGLI ESTENSI,135","029004","BADIA POLESINE","RO","PRIVATA","45,0443052","10,9292351","SI","POINT (10.9292351 45.0443052)"
"322","000844","ISTITUTO LA PROVVIDENZA U.G. 1","VIA SAN GIOVANNI BOSCO,3","012026","BUSTO ARSIZIO","21.052","VA","298","298","690792","ISTITUTO LA PROVVIDENZA ONLUS","01279730129","81002690121","VIA SAN GIOVANNI BOSCO,3","012026","BUSTO ARSIZIO","VA","PRIVATA","45,6162","8,85241","SI","POINT (8.85241 45.6162)"
"324","001191","""ISTITUTO GERIATRICO """"G. & C.  FRISIA"""" MERATE""","VIA DON CARLO GNOCCHI,4","097048","MERATE","23.807","LC","234","224","690411","AZIENDA DEI SERVIZI ALLA PERSONA ISTITUTI MILANESI MARTINITT E STELLINE E PIO ALBERGO TRIVULZIO","04137830966","04137830966","VIA ANTONIO TOLOMEO TRIVULZIO,15","015146","MILANO","MI","PUBBLICA","45,6924693","9,4135402","SI","POINT (9.4135402 45.6924693)"
"326","090227","RSA ZAFFIRO LOTO","VIA BOSE,1/QUATER","017029","BRESCIA","25.129","BS","120","120","159772","ZAFFIRO NORD S.R.L.","02881800300","02881800300","VIA MELCHIORRE GIOIA,121","015146","MILANO","MI","PRIVATA","45,4937791","10,266728","SI","POINT (10.266728 45.4937791)"
"321","067369","RSA ZAFFIRO POGLIANO 2","VIA EUROPA,11","015176","POGLIANO MILANESE","20.005","MI","80","80","159772","ZAFFIRO NORD S.R.L.","02881800300","02881800300","VIA MELCHIORRE GIOIA,121","015146","MILANO","MI","PRIVATA","45,53996736","8,99657419","SI","POINT (8.99657419 45.53996736)"
"322","000852","FONDAZIONE CASA DI SOGGIORNO E RIPOSO LONGHI FRANCESCO E FAMIGLIA  PIANEZZA FEDERICO ONLUS","VIA DELLA GAGGIOLO,12","012037","CASALZUIGNO","21.030","VA","65","65","690461","FONDAZIONE CASA DI SOGGIORNO E RIPOSO LONGHI FRANCESCO E FAMIGLIA PIANEZZA FEDERICO ONLUS","02432600126","02432600126","VIA DEL GAGGIOLO,12","012037","CASALZUIGNO","VA","PRIVATA","45,9020985","8,7056056","SI","POINT (8.7056056 45.9020985)"
"322","000727","VILLA PURICELLI CASA CARD. G. LERCARO","PIAZZA SENATORE PIETRO PURICELLI,2","012016","BODIO LOMNAGO","21.020","VA","120","120","691830","ASSISTENZA SOCIO SANITARIA SOCIETA' COOPERATIVA SOCIALE","03381200124","03381200124","LARGO SAN GIUSEPPE,2","012026","BUSTO ARSIZIO","VA","PRIVATA","45,7835413","8,7521332","SI","POINT (8.7521332 45.7835413)"
"321","000381","RSA VALSASINO","VIA COLOMBANO VALSASINO,116","015191","SAN COLOMBANO AL LAMBRO","20.078","MI","70","70","690587","A.S.P. VALSASINO","03767600962","03767600962","VIA COLOMBANO VALSASINO,116","015191","SAN COLOMBANO AL LAMBRO","MI","PUBBLICA","45,17978","9,49617","SI","POINT (9.49617 45.17978)"
"321","000558","ASP ISTITUTI MILANESI MARTINITT E STELLINE E PIO A","VIA ANTONIO TOLOMEO TRIVULZIO,15","015146","MILANO","20.146","MI","425","425","690411","AZIENDA DEI SERVIZI ALLA PERSONA ISTITUTI MILANESI MARTINITT E STELLINE E PIO ALBERGO TRIVULZIO","04137830966","04137830966","VIA ANTONIO TOLOMEO TRIVULZIO,15","015146","MILANO","MI","PUBBLICA","45,4654616","9,1450359","SI","POINT (9.1450359 45.4654616)"
"326","001487","RSA - FONDAZIONE S. ANGELA MERICI ONLUS","VIALE ANTONIO GRAMSCI,25","017067","DESENZANO DEL GARDA","25.015","BS","175","166","690710","FONDAZIONE S. ANGELA MERICI ONLUS","00725330989","84001090178","VIALE ANTONIO GRAMSCI,25","017067","DESENZANO DEL GARDA","BS","PRIVATA","45,4732952","10,5355938","SI","POINT (10.5355938 45.4732952)"
"322","002928","RSA VALLE INTELVI","VIA LEM,2/A","013253","ALTA VALLE INTELVI","22.024","CO","73","73","690471","SAN GIACOMO S.R.L.","02644040137","02644040137","VIA ACCADEMIA,48","015146","MILANO","MI","PRIVATA","45,9794996","9,0554476","SI","POINT (9.0554476 45.9794996)"
"328","002071","FONDAZIONE ALCESTE CORTELLONA ONLUS","VIA ALCESTE CORTELLONA,41","018102","MORTARA","27.036","PV","60","60","690607","FONDAZIONE ALCESTE CORTELLONA ONLUS","01593920182","83000050183","VIA ALCESTE CORTELLONA,41","018102","MORTARA","PV","PRIVATA","45,25076","8,74079","SI","POINT (8.74079 45.25076)"
"322","000899","FONDAZIONE VELINI CASA FAMIGLIA ONLUS","VIA SANTO STEFANO,39/A","012127","TRADATE","21.049","VA","43","43","690496","FONDAZIONE VELINI CASA FAMIGLIA ONLUS","01551760125","95004460127","VIA SANTO STEFANO,39/A","012127","TRADATE","VA","PRIVATA","45,7149952","8,9049209","SI","POINT (8.9049209 45.7149952)"
"327","001771","DON F. MORI","LARGO MORI,2","019103","STAGNO LOMBARDO","26.049","CR","71","71","691716","EMMAUS SRL","01457730032","01457730032","VIA CAPPUCCINI,4","015146","MILANO","MI","PRIVATA","45,07283","10,08822","SI","POINT (10.08822 45.07283)"
"328","002127","VILLA ANTEA","VIA GIACOMO PASINI,12","018176","VIDIGULFO","27.018","PV","90","90","690869","CROCE DI MALTA SRL","03653930960","03653930960","VIALE CASSALA,22","015146","MILANO","MI","PRIVATA","45,29043","9,23677","SI","POINT (9.23677 45.29043)"
"326","001731","RSA - CASA DI RIPOSO B. BERTELLA","VIA PARROCCHIALE,26","017168","SABBIO CHIESE","25.070","BS","34","30","690550","COMUNE DI SABBIO CHIESE","00576260988","00735630170","VIA CADUTI,1","017168","SABBIO CHIESE","BS","PUBBLICA","45,65647","10,42018","SI","POINT (10.42018 45.65647)"
"327","001859","FONDAZIONE O.P. G. VEZZOLI","VIA CASTELLO,12","019086","ROMANENGO","26.014","CR","63","56","690543","FONDAZIONE O.P. OSPEDALE VEZZOLI","00895640191","82005910193","VIA CASTELLO,12","019086","ROMANENGO","CR","PRIVATA","45,37687","9,78371","SI","POINT (9.78371 45.37687)"
"324","001152","RSA MATER MISERICORDIAE","VIA ERNESTO MESSA,36","108033","MONZA","20.900","MB","60","60","691066","CONGREGAZIONE SUORE MISERICORDINE DI SAN GERARDO - MONZA","00701570962","00971710157","PIAZZA SANTA MARGHERITA,2","108033","MONZA","MB","PRIVATA","45,58652882","9,29070772","SI","POINT (9.29070772 45.58652882)"
"321","000469","RSA CENTRO GIROLA","VIA CARLO GIROLA,30","015146","MILANO","20.162","MI","126","126","690451","FONDAZIONE DON CARLO GNOCCHI ONLUS","12520870150","04793650583","VIA CARLO GIROLA,30","015146","MILANO","MI","PRIVATA","45,5112391","9,1922306","SI","POINT (9.1922306 45.5112391)"
"328","002094","I GERMOGLI","FRAZIONE SAN PIETRO CASASCO,5","018089","MENCONICO","27.050","PV","50","50","123408","SERENI ORIZZONTI 1 SPA","02833470301","02833470301","VIA VITTORIO VENETO,45","030129","UDINE","UD","PRIVATA","44,80972","9,23856","SI","POINT (9.23856 44.80972)"
"323","000937","CASA SAN BENIGNO","VIA SAN BENIGNO,57","014007","BERBENNO DI VALTELLINA","23.010","SO","88","88","690851","ISTITUTO DELLE FIGLIE DI SANTA MARIA DELLA DIVINA PROVVIDENZA","01062811003","02477630582","PIAZZA DI SAN PANCRAZIO,9","058091","ROMA","RM","PRIVATA","46,1689262","9,7393125","SI","POINT (9.7393125 46.1689262)"
"321","000231","RSA ANNA SIRONI","VIA PIETRO NENNI,20","015221","TREZZO SULL'ADDA","20.056","MI","60","60","690770","COOPERATIVA SOCIALE RIEDUCAZIONE MOTORIA ONLUS","08029590158","08029590158","VIA TRENNO,41","015146","MILANO","MI","PRIVATA","45,61402","9,50669","SI","POINT (9.50669 45.61402)"
"328","002195","PIO ISTITUTO FAM. ING. E. SASSI","VIA LIBERTA',121","018076","GROPELLO CAIROLI","27.027","PV","95","95","690659","FONDAZIONE PIO IST. FAM. ING. E. SASSI ONLUS","01309770186","80005780186","VIA LIBERTA',121","018076","GROPELLO CAIROLI","PV","PRIVATA","45,1758964","8,994583","SI","POINT (8.994583 45.1758964)"
"326","001593","RSA - FONDAZIONE GIROLDI FORCELLA UGONI ONLUS","VIA CAVALIERI DI VITTORIO VENETO,9/A","017149","PONTEVICO","25.026","BS","131","122","691160","FONDAZIONE GIROLDI FORCELLA-UGONI","02466660988","02466660988","VIA CAV.DI VIA VENETO 9/A","017149","PONTEVICO","BS","PRIVATA","45,27469","10,08932","SI","POINT (10.08932 45.27469)"
"324","001176","RSA CASA CAMBIAGHI","VIA ARNALDO DA BRESCIA,10/A","108033","MONZA","20.900","MB","62","62","690602","FONDAZIONE DON ANGELO BELLANI - ONLUS","00987520962","85005130159","VIA LIPARI,7","108033","MONZA","MB","PRIVATA","45,57931","9,26619","SI","POINT (9.26619 45.57931)"
"325","001431","RSA BRAMANTE","VIA GAMBIRAGO,571","016171","PONTIDA","24.030","BG","69","69","691731","EDOS SRL","05831590962","05831590962","VIA BENEDETTO DA FOIANO,14","048017","FIRENZE","FI","PRIVATA","45,73151","9,47125","SI","POINT (9.47125 45.73151)"
"324","001080","RSA SANT' ANDREA","VIA ALBERICO CRESCITELLI,1","108033","MONZA","20.900","MB","150","150","691212","SEGESTA GESTIONI SRL","04140620966","04140620966","VIALE CASSALA,22","015146","MILANO","MI","PRIVATA","45,59996","9,26662","SI","POINT (9.26662 45.59996)"
"324","001143","""FONDAZ. CASA DI RIPOSO """"BRAMBILLA-NAVA"""" ONLUS""","VIA CERSCERA,3","097022","CIVATE","23.862","LC","40","40","690756","""FONDAZIONE CASA DI RIPOSO""""BRAMBILLA-NAVA"""" ONLUS""","01595690130","83007810134","VIA CERSCERA,3","097022","CIVATE","LC","PRIVATA","45,82749","9,33696","SI","POINT (9.33696 45.82749)"
"326","001626","RSA VILLAGGIO S. FRANCESCO","VIA DEL MARINAIO,2","017201","VILLANUOVA SUL CLISI","25.089","BS","124","120","691497","KOS CARE S.R.L.","01148190547","01148190547","VIA DURINI,9","015146","MILANO","MI","PRIVATA","45,5985193","10,4566074","SI","POINT (10.4566074 45.5985193)"
"326","001694","RSA - FONDAZIONE BEATA LUCIA VERSA DALUMI ONLUS","VIA ALBERTO LOMBARDI,5","017010","BAGOLINO","25.072","BS","120","120","690782","FONDAZIONE BEATA LUCIA VERSA DALUMI ONLUS","87000170172","87000170172","VIA ALBERTO LOMBARDI,5","017010","BAGOLINO","BS","PRIVATA","45,82402","10,46499","SI","POINT (10.46499 45.82402)"
"321","000288","RSA CASA DON GUANELLA","VIA LUIGI CAGNOLA,11","015146","MILANO","20.154","MI","128","128","690851","ISTITUTO DELLE FIGLIE DI SANTA MARIA DELLA DIVINA PROVVIDENZA","01062811003","02477630582","PIAZZA DI SAN PANCRAZIO,9","058091","ROMA","RM","PRIVATA","45,4780021","9,1725981","SI","POINT (9.1725981 45.4780021)"
"328","002155","CASA SAN GIUSEPPE","VIA GIUSEPPE GARIBALDI,74","018013","BELGIOIOSO","27.011","PV","63","63","132768","LIEBENAU IMPRESA SOCIALE SRL","02912190218","02912190218","VIA COLOGNA,1","021008","BOLZANO","BZ","PRIVATA","45,1628389","9,3146927","SI","POINT (9.3146927 45.1628389)"
"321","000319","RSA SAN MARCO","VIA ROMA,19","015134","MARCALLO CON CASONE","20.010","MI","62","62","690713","COOPERATIVA SOCIALE QUADRIFOGLIO S.C. ONLUS","03890320017","03890320017","VIALE SAVORGNAN D'OSOPPO,4/10","001191","PINEROLO","TO","PRIVATA","45,4847308","8,8713184","SI","POINT (8.8713184 45.4847308)"
"321","000354","CASA PER CONIUGI","VIA DEI CINQUECENTO,19","015146","MILANO","20.139","MI","210","210","691715","PRO.GES. - SOCIETA' COOPERATIVA SOCIALE","01534890346","01534890346","VIA COLORNO,63","034027","PARMA","PR","PRIVATA","45,4351636","9,2207407","SI","POINT (9.2207407 45.4351636)"
"324","001181","RSA VILLA REALE","VIA DELLA TACCONA,24","108033","MONZA","20.900","MB","120","120","691497","KOS CARE S.R.L.","01148190547","01148190547","VIA DURINI,9","015146","MILANO","MI","PRIVATA","45,57913","9,2433","SI","POINT (9.2433 45.57913)"
"325","001413","CASA DI RIPOSO P. A. FACCANONI - ETS","VIA VITTORIO VENETO,72","016193","SARNICO","24.067","BG","104","104","690526","CASA DI RIPOSO P.A. FACCANONI ONLUS","01523020160","80024990162","VIA VITTORIO VENETO,72","016193","SARNICO","BG","PRIVATA","45,6707214","9,966748","SI","POINT (9.966748 45.6707214)"
"321","000466","R.S.A. ACQUAMARINA","STRADA CERCA,2","015024","BINASCO","20.082","MI","40","40","201480","ROMEO S.R.L.","14296690960","14296690960","VIALE CASSALA, 22","015146","MILANO","MI","PRIVATA","45,33765","9,10448","SI","POINT (9.10448 45.33765)"
"327","001870","""FONDAZIONE """"CASA DI RIPOSO DI ROBECCO D'OGLIO ONLUS""""""","VIA GIUSEPPE MAZZINI,31","019085","ROBECCO D'OGLIO","26.010","CR","130","130","690539","FONDAZIONE CASA DI RIPOSO DI ROBECCO D'OGLIO ONLUS","01097920191","93029860199","VIA GIUSEPPE MAZZINI, 31","019085","ROBECCO D'OGLIO","CR","PRIVATA","45,2575018","10,0801393","SI","POINT (10.0801393 45.2575018)"
"328","094034","RSA ARCOBALENO CASTELLANA","VIA DEGLI ONTANI,2","018137","SAN MARTINO SICCOMARIO","27.028","PV","20","20","166072","COOPERATIVA SOCIALE F.A.I. PONTEVECCHIO S.P.A.","01830880181","01830880181","VIA DEGLI ONTANI,2","018137","SAN MARTINO SICCOMARIO","PV","PRIVATA","45,16028","9,13755","SI","POINT (9.13755 45.16028)"
"328","004860","ARCOBALENO PLUS","VIA FERRUCCIO BELLI,8","018041","CAVA MANARA","27.051","PV","80","80","690769","COOPERATIVA SOCIALE ARCOBALENO SOCIETA' PER AZIONI","01967560184","01967560184","VIA FERRUCCIO BELLI,8","018041","CAVA MANARA","PV","PRIVATA","45,14188","9,1027","SI","POINT (9.1027 45.14188)"
"324","001205","R.S.A. RITA E LUIGI GELOSA","VIA MARCO POLO,24","108011","BRIOSCO","20.836","MB","68","68","147756","SCI MARO S.R.L.","13342710152","13342710152","VIA RUGGERO BOSCOVICH,35","015146","MILANO","MI","PRIVATA","45,7112324","9,2399915","SI","POINT (9.2399915 45.7112324)"
"322","002748","FONDAZIONE RSA GARIBALDI POGLIANI ONLUS","VIA FRATELLI GALIMBERTI,4","013041","CANTU'","22.063","CO","113","112","690802","FONDAZIONE R.S.A. GARIBALDI POGLIANI ONLUS","01798350136","81002570133","VIA FRATELLI GALIMBERTI,4","013041","CANTU'","CO","PRIVATA","45,7403686","9,1264852","SI","POINT (9.1264852 45.7403686)"
"326","001479","RSA - FONDAZIONE CASA DI RIPOSO FRANCESCO E BENIAMINO PORTA","VIA GENERALE LUIGI SOLDO,7","017120","NUVOLERA","25.080","BS","32","32","690641","CASA DI RIPOSO FRANCESCO E BENIAMINO PORTA ONLUS","80013770179","80013770179","VIA GENERALE LUIGI SOLDO,7","017120","NUVOLERA","BS","PRIVATA","45,53214","10,37064","SI","POINT (10.37064 45.53214)"
"324","037787","OASI GROANE","VIA SICILIA,42","108019","CESANO MADERNO","20.811","MB","80","80","137308","GRUPPO GHERON SRL","01574550339","01574550339","VIA ARCHIMEDE,57","015146","MILANO","MI","PRIVATA","45,63548","9,12558","SI","POINT (9.12558 45.63548)"
"322","000878","RESIDENZA SANITARIA ASSISTENZIALE MARIA IMMACOLATA","VIA GIOVANNI PAISIELLO,9","012133","VARESE","21.100","VA","90","90","690824","ISTITUTO SUORE CAPPUCCINE DI MADRE RUBATTO - ENTE ECCLESIASTICO CIVILMENTE RICONOSCIUTO","00564560100","00564560100","VIA IV NOVEMBRE,7","016024","BERGAMO","BG","PRIVATA","45,82673","8,83003","SI","POINT (8.83003 45.82673)"
"327","001774","R.S.A. I CICLAMINI","VIA FRANCESCO TROMBELLI,1","020047","QUISTELLO","46.026","MN","80","80","690621","I CICLAMINI S.R.L.","02242840201","02242840201","VIA FRANCESCO TROMBELLI,1","020047","QUISTELLO","MN","PRIVATA","45,00911","10,97991","SI","POINT (10.97991 45.00911)"
"321","090281","RSA SAN FRANCESCO D'ASSISI","PIAZZA MADONNA CAPPUCCINI,2","098010","CASALPUSTERLENGO","26.841","LO","50",,"123408","SERENI ORIZZONTI 1 SPA","02833470301","02833470301","VIA VITTORIO VENETO,45","030129","UDINE","UD","PRIVATA","45,1714","9,65223","NO","POINT (9.65223 45.1714)"
"327","001960","RSA VILLA CARPANEDA","VIA CANTARANA,25","020051","RODIGO","46.040","MN","106","106","137308","GRUPPO GHERON SRL","01574550339","01574550339","VIA ARCHIMEDE,57","015146","MILANO","MI","PRIVATA","45,19697","10,62153","SI","POINT (10.62153 45.19697)"
"322","000721","ISTITUTO PALAZZOLO CASA SAN GIUSEPPE","VIA PIANEZZO,13/A","012030","CANTELLO","21.050","VA","104","104","690825","ISTITUTO DELLE SUORE DELLE POVERELLE ISTITUTO PALAZZOLO","00533470167","00533470167","VIA SAN BERNARDINO,56","016024","BERGAMO","BG","PRIVATA","45,8213907","8,8893363","SI","POINT (8.8893363 45.8213907)"
"321","000042","CASA PADRE PIO","VIA CIRO MENOTTI,160","015118","LEGNANO","20.025","MI","77","56","690746","OPERA MATER ORPHANORUM","00408560704","80034770158","VIA DEI SARACENI,1","070017","CERCEMAGGIORE","CB","PRIVATA","45,59386","8,89161","SI","POINT (8.89161 45.59386)"
"324","001200","RSA DON ANGELO BELLANI","VIA LIPARI,7","108033","MONZA","20.900","MB","126","126","690602","FONDAZIONE DON ANGELO BELLANI - ONLUS","00987520962","85005130159","VIA LIPARI,7","108033","MONZA","MB","PRIVATA","45,57143","9,25049","SI","POINT (9.25049 45.57143)"
"328","002169","DON CARLO FERRANDI","VIA MAESTRA,79","018022","BREME","27.020","PV","29","29","690752","FONDAZIONE DON CARLO FERRANDI ETS","00473260180","02375470180","VIA MAESTRA,79","018022","BREME","PV","PRIVATA","45,1298515","8,6298988","SI","POINT (8.6298988 45.1298515)"
"328","002149","FONDAZIONE PENSIONATO SANNAZZARESE ONLUS","VIA INCISA,1","018138","SANNAZZARO DE' BURGONDI","27.039","PV","61","61","690590","FONDAZIONE PENSIONATO SANNAZZARESE ONLUS","01007990185","82000650182","VIA INCISA,1","018138","SANNAZZARO DE' BURGONDI","PV","PRIVATA","45,10131","8,90963","SI","POINT (8.90963 45.10131)"
"327","001842","R.S.A. VILLA AZZURRA","VIA MANTOVA,6","020071","BORGO VIRGILIO","46.034","MN","146","146","691102","SOLIDARIETA' SRL","02245740200","02245740200","VIA MANTOVA,6","020071","BORGO VIRGILIO","MN","PRIVATA","45,05893","10,7541","SI","POINT (10.7541 45.05893)"
"321","000215","RSA ISTITUTO GERIATRICO MILANESE","VIA PIER ALESSANDRO PARAVIA,63","015146","MILANO","20.148","MI","155","150","690414","ISTITUTO GERIATRICO MILANESE S.P.A.","12192560154","04337840484","VIA PIER ALESSANDRO PARAVIA,63","015146","MILANO","MI","PRIVATA","45,4730272","9,1331871","SI","POINT (9.1331871 45.4730272)"
"327","001966","R.S.A. I TULIPANI","STRADA COMUNALE MARINA,1/B","020027","GONZAGA","46.023","MN","80","80","690454","I TULIPANI S.R.L.","02152450207","02152450207","STRADA COMUNALE MARINA,1/B","020027","GONZAGA","MN","PRIVATA","44,95703","10,81954","SI","POINT (10.81954 44.95703)"
"321","000511","RESIDENZA MIRASOLE","VIA PAOLO BORSELLINO,6","015159","OPERA","20.073","MI","204","204","691497","KOS CARE S.R.L.","01148190547","01148190547","VIA DURINI,9","015146","MILANO","MI","PRIVATA","45,393929","9,2103687","SI","POINT (9.2103687 45.393929)"
"328","002101","LE COLLINE","VIA CASA PONTE,2","018042","CECIMA","27.050","PV","30","30","691820","SERVIZI SOCIO SANITARI S.R.L.","02496000189","02496000189","LOCALITA' CASA PONTE,2","018042","CECIMA","PV","PRIVATA","44,85187","9,08233","SI","POINT (9.08233 44.85187)"
"326","001563","RSA - FONDAZIONE SERLINI RSA ONLUS","VIA MONTE GRAPPA,101","017127","OSPITALETTO","25.035","BS","70","69","690561","FONDAZIONE SERLINI ONLUS - R.S.A. E CENTRO MULTISERVIZI ANZIANI","80019030172","80019030172","VIA MONTE GRAPPA,101","017127","OSPITALETTO","BS","PRIVATA","45,5604131","10,0778165","SI","POINT (10.0778165 45.5604131)"
"321","000316","R.S.A. VIA ORNATO","VIA LUIGI ORNATO,69","015146","MILANO","20.162","MI","120","120","690790","COOPERATIVA SOCIALE COOPSELIOS SOCIETA' COOPERATIVA ONLUS","01164310359","01164310359","VIA ANTONIO GRAMSCI,54/S","035033","REGGIO NELL'EMILIA","RE","PRIVATA","45,5207595","9,1917561","SI","POINT (9.1917561 45.5207595)"
"325","001443","FONDAZIONE CASA DELLA SERENITA' - ETS","VIA BATTISTA CAPRI,7","016070","CENE","24.020","BG","50","50","197972","FONDAZIONE CASA DELLA SERENITA' - ETS","04619560164","04619560164","VIA BATTISTA CAPRI,7","016070","CENE","BG","PRIVATA","45,78492","9,83425","SI","POINT (9.83425 45.78492)"
"323","000980","CASA MADONNA DEL LAVORO - OPERA DON GUANELLA","VIA SPLUGA,24","014027","DUBINO","23.015","SO","108","108","691166","PROVINCIA ITALIANA DELLA CONGREGAZIONE DEI SERVI DELLA CARITA' - OPERA DON GUANELLA","01084241007","02595400587","VICOLO CLEMENTI,41","058091","ROMA","RM","PRIVATA","46,1665949","9,427986","SI","POINT (9.427986 46.1665949)"
"325","081368","RESIDENZA PRIMAVERA","VIA GORIZIA,18","016220","TREVIOLO","24.048","BG","120","80","129768","RESIDENZA PRIMAVERA SRL","04162770160","04162770160","VIA LEGA LOMBARDA,12","016003","ALBANO SANT'ALESSANDRO","BG","PRIVATA","45,67312","9,60713","SI","POINT (9.60713 45.67312)"
"327","001991","FONDAZIONE E. GERMANI CENTRO ASSISTENZIALE SANITARIO - ONLUS","VIA PIEVE GURATA,11","019031","CINGIA DE' BOTTI","26.042","CR","259","256","690433","FONDAZIONE ELISABETTA GERMANI CENTRO SANITARIO ASSISTENZIALE - ONLUS","00709190193","80004310191","VIA PIEVE GURATA,11","019031","CINGIA DE' BOTTI","CR","PRIVATA","45,0844","10,2648","SI","POINT (10.2648 45.0844)"
"327","001839","FONDAZIONE OSPEDALE DELLA CARITA' CASA DI RIPOSO ONLUS","VIA GUGLIELMO MARCONI,1","019016","CASALBUTTANO ED UNITI","26.011","CR","300","300","690683","FONDAZIONE OSPEDALE DELLA CARITA ONLUS","00871140190","83000810198","VIA GUGLIELMO MARCONI,1","019016","CASALBUTTANO ED UNITI","CR","PRIVATA","45,2484418","9,9625284","SI","POINT (9.9625284 45.2484418)"
"327","001840","FRANCO NICOLAI ONLUS","VIA SAN MARTINO,80","020070","VOLTA MANTOVANA","46.049","MN","40","40","690467","FONDAZIONE FRANCO NICOLAI ONLUS","01564480208","81003970209","VIA SAN MARTINO,80","020070","VOLTA MANTOVANA","MN","PRIVATA","45,32441","10,6589","SI","POINT (10.6589 45.32441)"
"321","000556","RSA RESIDENZA DEL SOLE","VIA GIAN LORENZO BERNINI,14","015077","CINISELLO BALSAMO","20.092","MI","120","120","691836","RESIDENZE DEL SOLE CONSORZIO SOCIALE SOC. COOP.","08588070964","08588070964","VIA GIAN LORENZO BERNINI,14","015077","CINISELLO BALSAMO","MI","PRIVATA","45,5679284","9,2048868","SI","POINT (9.2048868 45.5679284)"
"322","002715","VILLA S. FERMO","VIA ENEA BIGNAMI,6","013206","SAN FERMO DELLA BATTAGLIA","22.042","CO","88","88","690471","SAN GIACOMO S.R.L.","02644040137","02644040137","VIA ACCADEMIA,48","015146","MILANO","MI","PRIVATA","45,81248","9,04098","SI","POINT (9.04098 45.81248)"
"326","001655","RSA - PIETRO BERETTA","VIA GIUSEPPE PARINI,14","017075","GARDONE VAL TROMPIA","25.063","BS","108","92","690732","FONDAZIONE DI CURA CITTA' DI GARDONE VT - ONLUS","00724930987","83000650172","VIA GIUSEPPE PARINI,14","017075","GARDONE VAL TROMPIA","BS","PRIVATA","45,6774854","10,1836156","SI","POINT (10.1836156 45.6774854)"
"324","001062","RSA BOSCO IN CITTA'","VIA MARTIN LUTHER KING,4","108012","BRUGHERIO","20.861","MB","121","121","690672","KCS CAREGIVER COOPERATIVA SOCIALE","02125100160","02125100160","ROTONDA DEI MILLE,1","016024","BERGAMO","BG","PRIVATA","45,54316","9,29959","SI","POINT (9.29959 45.54316)"
"322","002821","FONDAZIONE CA' D'INDUSTRIA ETS","VIA GIUSEPPE BRAMBILLA,61","013075","COMO","22.100","CO","113","101","690688","FONDAZIONE CA' D'INDUSTRIA O.N.L.U.S.","01793530138","80004470136","VIA GIUSEPPE BRAMBILLA,61","013075","COMO","CO","PRIVATA","45,81296","9,08899","SI","POINT (9.08899 45.81296)"
"321","003610","RSA ORCHIDEA","VIA MILANO,51","015243","VITTUONE","20.009","MI","20","20","691788","AV VITTUONE S.R.L.","05944080968","05944080968","VIA MANFREDO CAMPERIO,14","015146","MILANO","MI","PRIVATA","45,482419","8,9497425","SI","POINT (8.9497425 45.482419)"
"327","002001","RESIDENZA SANITARIA ASSISTITA UNITA' GERIATRICA RIABILITATIVA  ONLUS","VIA DANTE ALIGHIERI,41","020021","CURTATONE","46.010","MN","40","40","690747","UNITA' GERIATRICA RIABILITATIVA ONLUS","01541030209","01541030209","VIA DANTE ALIGHIERI,41","020021","CURTATONE","MN","PRIVATA","45,13677","10,74055002","SI","POINT (10.74055002 45.13677)"
"322","002859","RSA FONDAZIONE BELLARIA ETS","VIA MONTE CARMELO,22","013010","APPIANO GENTILE","22.070","CO","127","127","690866","FONDAZIONE BELLARIA ONLUS","02019090139","80014800132","VIA MONTE CARMELO,22","013010","APPIANO GENTILE","CO","PRIVATA","45,7362708","8,973588","SI","POINT (8.973588 45.7362708)"
"326","001600","RSA - FONDAZIONE CASA DI RIPOSO VILLA G. PADOVANI ONLUS","VIA SUOR LAURA ACETI,2","017159","QUINZANO D'OGLIO","25.027","BS","80","66","690620","FONDAZIONE CASA DI RIPOSO VILLA G. PADOVANI ONLUS","00727340986","88002510175","VIA SUOR LAURA ACETI,1/2","017159","QUINZANO D'OGLIO","BS","PRIVATA","45,3095707","10,0005145","SI","POINT (10.0005145 45.3095707)"
"321","039494","RSA I MULINI","VIA GIULIO DARDANONI,7","015146","MILANO","20.134","MI","80","80","146832","3AMILANO S.R.L.","02905530305","02905530305","VIA VITTORIO VENETO,45","030129","UDINE","UD","PRIVATA","45,4853242","9,2426301","SI","POINT (9.2426301 45.4853242)"
"322","000763","RSA VILLAGGIO DEL FANCIULLO","VIA DEL VILLAGGIO,1","012138","VERGIATE","21.029","VA","83","75","690484","FONDAZIONE PADRE ORESTE CERRI ONLUS","02002290126","02002290126","VIA DEL VILLAGGIO,1","012138","VERGIATE","VA","PRIVATA","45,7260744","8,7001919","SI","POINT (8.7001919 45.7260744)"
"322","000818","RSA IL GIRASOLE","VIA ANGELO BELLINI,29","012123","SOMMA LOMBARDO","21.019","VA","60","59","690514","FONDAZIONE IL GIRASOLE ONLUS","01972170128","91007710121","VIA ANGELO BELLINI,29","012123","SOMMA LOMBARDO","VA","PRIVATA","45,6837755","8,7136894","SI","POINT (8.7136894 45.6837755)"
"326","001585","R.S.A. - "" LIVIA FEROLDI""","VIA LAMA,73","017029","BRESCIA","25.133","BS","84","80","690754","FONDAZIONE CASA DI DIO ONLUS","02467380982","02467380982","VIA MORETTO,4","017029","BRESCIA","BS","PRIVATA","45,56787","10,24802","SI","POINT (10.24802 45.56787)"
"322","002881","CASA DI RIPOSO PER ANZIANI ""VILLA STEFANIA""","VIA STATALE REGINA,5","013203","SALA COMACINA","22.010","CO","123","123","690790","COOPERATIVA SOCIALE COOPSELIOS SOCIETA' COOPERATIVA ONLUS","01164310359","01164310359","VIA ANTONIO GRAMSCI,54/S","035033","REGGIO NELL'EMILIA","RE","PRIVATA","45,9662787","9,1712345","SI","POINT (9.1712345 45.9662787)"
"321","000301","RSA FONDAZIONE SEN. GROSSI - FRANZINI","VIA SENATORE ANGELO GROSSI,25","098053","SENNA LODIGIANA","26.856","LO","50","50","690504","FONDAZIONE SEN. GROSSI - FRANZINI","07303840156","82501450157","VIA SENATORE ANGELO GROSSI, 25","098053","SENNA LODIGIANA","LO","PRIVATA","45,1479739","9,5922274","SI","POINT (9.5922274 45.1479739)"
"328","002054","CASA DI RIPOSO DI VARZI","VIA FORTUNATO REPETTI,12","018171","VARZI","27.057","PV","109","107","690480","FONDAZIONE SAN GERMANO ONLUS","01339220186","01339220186","VIA FORTUNATO REPETTI 12","018171","VARZI","PV","PRIVATA","44,8256712","9,192057","SI","POINT (9.192057 44.8256712)"
"328","002125","FONDAZIONE  RICOVERO S. MARTINO","VIA CARSO,20","018164","TROMELLO","27.020","PV","49","48","690470","FONDAZIONE SAN MARTINO ETS","01090160183","85002430180","VIA CARSO,20","018164","TROMELLO","PV","PRIVATA","45,2088844","8,8744695","SI","POINT (8.8744695 45.2088844)"
"322","002916","LA SAPIENZA","VIA NANC,18","013145","MENAGGIO","22.017","CO","66","43","690471","SAN GIACOMO S.R.L.","02644040137","02644040137","VIA ACCADEMIA,48","015146","MILANO","MI","PRIVATA","46,02119","9,23875","SI","POINT (9.23875 46.02119)"
"327","001868","RSA FONDAZIONE CONTE CARLO BUSI","VIA ALDO FORMIS,4","019021","CASALMAGGIORE","26.041","CR","175","165","690459","FONDAZIONE CONTE CARLO BUSI ONLUS","01322210194","01322210194","VIA ALDO FORMIS,4","019021","CASALMAGGIORE","CR","PRIVATA","44,9895801","10,4154643","SI","POINT (10.4154643 44.9895801)"
"322","002847","CASA DI RIPOSO VILLA CITTERIO","LOCALITA' PESCAU',56","013126","LEZZENO","22.025","CO","33","30","690446","ACLI SOLIDARIETA' E SERVIZI A.R.L.","01372740132","01372740132","VIA GIUSEPPE BRAMBILLA,35","013075","COMO","CO","PRIVATA","45,94414","9,18068","SI","POINT (9.18068 45.94414)"
"321","000118","CASA  DI RIPOSO PER MUSICISTI","PIAZZA MICHELANGELO BUONARROTI,29","015146","MILANO","20.149","MI","25","25","690420","CASA DI RIPOSO PER MUSICISTI - FONDAZIONE GIUSEPPE VERDI","06132940153","80051650150","PIAZZA MICHELANGELO BUONARROTI,29","015146","MILANO","MI","PRIVATA","45,4703497","9,1548831","SI","POINT (9.1548831 45.4703497)"
"326","001725","RSA - FONDAZIONE CASA DI RIPOSO PER ANZIANI DI BOTTICINO ONLUS","VIA TITO SPERI,105","017023","BOTTICINO","25.082","BS","62","62","690810","FONDAZIONE CASA DI RIPOSO PER ANZIANI DI BOTTICINO ONLUS","01790140170","80048980173","VIA TITO SPERI,105","017023","BOTTICINO","BS","PRIVATA","45,5354147","10,3052448","SI","POINT (10.3052448 45.5354147)"
"321","070890","RSA GIARDINI","VICOLO ORIANA FALLACI,10","015206","SENAGO","20.030","MI","60","60","137308","GRUPPO GHERON SRL","01574550339","01574550339","VIA ARCHIMEDE,57","015146","MILANO","MI","PRIVATA","45,57893","9,12607","SI","POINT (9.12607 45.57893)"
"327","001995","RSA TOSI CIPPELLETTI DI RIVAROLO MANTOVANO","VIA GINO AVIGNI,38","020050","RIVAROLO MANTOVANO","46.017","MN","80","68","690536","FONDAZIONE TOSI CIPPELLETTI DI RIVAROLO MANTOVANO ONLUS","01572860201","80005670205","VIA GINO AVIGNI,38","020050","RIVAROLO MANTOVANO","MN","PRIVATA","45,0714643","10,4377724","SI","POINT (10.4377724 45.0714643)"
"327","041028","VILLA ABBADIA","VIA ABBADIA SANTA MARTA,2","019043","FIESCO","26.010","CR","80","80","123408","SERENI ORIZZONTI 1 SPA","02833470301","02833470301","VIA VITTORIO VENETO,45","030129","UDINE","UD","PRIVATA","45,33955","9,78013","SI","POINT (9.78013 45.33955)"
"322","000845","FONDAZIONE MONS. GEROLAMO  COMI ONLUS","VIA CARLO FORLANINI,6","012092","LUINO","21.016","VA","184","184","690624","FONDAZIONE MONS. G. COMI ONLUS","02191770128","84002350126","VIA CARLO FORLANINI,6","012092","LUINO","VA","PRIVATA","45,9973738","8,7462549","SI","POINT (8.7462549 45.9973738)"
"323","000924","FONDAZIONE FRATELLI BONA","VIA GUGLIELMO MARCONI,3","017035","CAPO DI PONTE","25.044","BS","57","40","691319","FONDAZIONE FRATELLI BONA - O.N.L.U.S.","01661800985","81000330175","VIA GUGLIELMO MARCONI,3","017035","CAPO DI PONTE","BS","PRIVATA","46,03013","10,33935","SI","POINT (10.33935 46.03013)"
"321","000006","RESIDENZA ANZIANI ARZAGA","VIA ARZAGA,1","015146","MILANO","20.146","MI","102","102","690418","COMUNITA' EBRAICA DI MILANO","03547690150","03547690150","VIA SALLY MAYER,2","015146","MILANO","MI","PRIVATA","45,4564836","9,1391402","SI","POINT (9.1391402 45.4564836)"
"324","001117","CASA DI RIPOSO DI MANDELLO DEL LARIO ONLUS","VIA DEGLI ALPINI,4","097046","MANDELLO DEL LARIO","23.826","LC","100","100","690627","CASA DI RIPOSO DI MANDELLO DEL LARIO ONLUS","00762530137","83005450131","VIA DEGLI ALPINI,4","097046","MANDELLO DEL LARIO","LC","PRIVATA","45,9179014","9,3224854","SI","POINT (9.3224854 45.9179014)"
"321","000164","CASA OSPITALITA' ANZIANI","VIA GIUSEPPE GARIBALDI,9","015181","RESCALDINA","20.027","MI","67","67","691203","OPERA PIA FRANCESCA COLLEONI DE MAESTRI - IMPRESA SOCIALE","03690110154","03690110154","VIA BARTOLOMEO COLLEONI,5","015062","CASTANO PRIMO","MI","PRIVATA","45,6159889","8,9521459","SI","POINT (8.9521459 45.6159889)"
"323","000932","RSA FONDAZIONE DON G. FERRAGLIO","VIA GIOVANNI FERRAGLIO,8","017101","MALONNO","25.040","BS","100","100","690626","FONDAZIONE DON GIOVANNI FERRAGLIO MALONNO ONLUS","00656570983","01814460174","VIA GIOVANNI FERRAGLIO,8","017101","MALONNO","BS","PRIVATA","46,11964","10,31679","SI","POINT (10.31679 46.11964)"
"321","000240","R.S.A. C/O IL CENTRO COMUNALE POLIVALENTE PER ANZIANI DI CUSANO MILANINO","VIA ALEMANNI,10","015098","CUSANO MILANINO","20.095","MI","42","42","123408","SERENI ORIZZONTI 1 SPA","02833470301","02833470301","VIA VITTORIO VENETO,45","030129","UDINE","UD","PRIVATA","45,5484685","9,1806866","SI","POINT (9.1806866 45.5484685)"
"328","002033","CASA SERENA","VIALE MARIO PAVESI,22","018050","CILAVEGNA","27.024","PV","264","263","690720","AZIENDA SPECIALE CASA SERENA","01986290185","92007000182","VIA DI VITTORIO,22","018050","CILAVEGNA","PV","PUBBLICA","45,31101","8,74889","SI","POINT (8.74889 45.31101)"
"324","096987","RSA STEFANO PORRO","VIA F.LLI ENRICO E ANGELO SCHIATTI 1","108054","LENTATE SUL SEVESO","20.823","MB","120","120","692369","CODESS SOCIALE SOCIETA' COOPERATIVA SOCIALE","03174760276","03174760276","VIA GIOVANNI BOCCACCIO,96","028060","PADOVA","PD","PRIVATA","45,67852","9,11462","SI","POINT (9.11462 45.67852)"
"325","001423","CASAMIA - VERDELLO","VIA XXV APRILE,9","016233","VERDELLO","24.049","BG","100","100","104985","VERDELLO S.R.L.","07529000965","07529000965","VIA SAN DONATO,97","001272","TORINO","TO","PRIVATA","45,6060967","9,6343719","SI","POINT (9.6343719 45.6060967)"
"321","000390","RSA  LUIGI CORAZZA","VIA OSPEDALE CORAZZA,3","098035","MALEO","26.847","LO","50","30","149092","RESIDENZE ASSISTITE MALEO SRL","01237210198","01237210198","VIA GIUSEPPE GARIBALDI,18/7","098035","MALEO","LO","PRIVATA","45,16457","9,76328","SI","POINT (9.76328 45.16457)"
"326","001555","CENTRO COMUNALE PER I SERVIZI SOCIALI","VIA MADONNA IN PRATIS,6","017167","RUDIANO","25.030","BS","31","30","690672","KCS CAREGIVER COOPERATIVA SOCIALE","02125100160","02125100160","ROTONDA DEI MILLE,1","016024","BERGAMO","BG","PRIVATA","45,48734","9,88417","SI","POINT (9.88417 45.48734)"
"326","001619","RSA - FONDAZIONE G.B. BIANCHI ONLUS","VIA CAVOUR,32/34","017187","TOSCOLANO MADERNO","25.088","BS","84","80","690494","FONDAZIONE G.B. BIANCHI ONLUS","87001030177","87001030177","VIA CAVOUR,32/34","017187","TOSCOLANO-MADERNO","BS","PRIVATA","45,6389042","10,6043164","SI","POINT (10.6043164 45.6389042)"
"327","001795","A. ZUCCHI E M. FALCINA","VIA ANTONIO GRAMSCI,7","019098","SORESINA","26.015","CR","213","213","137308","GRUPPO GHERON SRL","01574550339","01574550339","VIA ARCHIMEDE,57","015146","MILANO","MI","PRIVATA","45,2900083","9,8545901","SI","POINT (9.8545901 45.2900083)"
"325","001287","RSA SACRO CUORE","VIA GIOVANNI CARNOVALI,93/A","016024","BERGAMO","24.126","BG","50","50","690825","ISTITUTO DELLE SUORE DELLE POVERELLE ISTITUTO PALAZZOLO","00533470167","00533470167","VIA SAN BERNARDINO,56","016024","BERGAMO","BG","PRIVATA","45,68632","9,6698","SI","POINT (9.6698 45.68632)"
"321","000310","RSA PONTIROLO","VIA ALESSANDRO VOLTA,4","015011","ASSAGO","20.057","MI","60","60","690847","FONDAZIONE PONTIROLO ONLUS INTERCOMUNALE","04583730967","97305410157","VIA ALESSANDRO VOLTA,4","015011","ASSAGO","MI","PRIVATA","45,41174","9,12602","SI","POINT (9.12602 45.41174)"
"321","000536","RSA SANTA MARTA","VIA PARENZO,9","015146","MILANO","20.143","MI","120","120","691212","SEGESTA GESTIONI SRL","04140620966","04140620966","VIALE CASSALA,22","015146","MILANO","MI","PRIVATA","45,4415043","9,1416655","SI","POINT (9.1416655 45.4415043)"
"328","002035","FONDAZIONE BELLINI E SILVA","VIA MARCO BELLINI,5","018075","GRAVELLONA LOMELLINA","27.020","PV","40","40","690657","FONDAZIONE BELLINI E SILVA","02055990184","85002250182","VIA MARCO BELLINI,5","018075","GRAVELLONA LOMELLINA","PV","PRIVATA","45,3281429","8,7647025","SI","POINT (8.7647025 45.3281429)"
"325","001266","FONDAZIONE CASA SERENA - ETS","VIA PAPA GIOVANNI XXIII,4","016038","BREMBATE DI SOPRA","24.030","BG","207","200","112244","FONDAZIONE CASA SERENA ONLUS","04008150163","04008150163","VIA PAPA GIOVANNI XXIII,4","016038","BREMBATE DI SOPRA","BG","PRIVATA","45,7199006","9,5841708","SI","POINT (9.5841708 45.7199006)"
"321","000492","R.S.A. IPPOCRATE 1","VIA IPPOCRATE,18","015146","MILANO","20.161","MI","138","138","690869","CROCE DI MALTA SRL","03653930960","03653930960","VIALE CASSALA,22","015146","MILANO","MI","PRIVATA","45,5203308","9,1652302","SI","POINT (9.1652302 45.5203308)"
"321","000499","IL GELSO","VIA MILANO,51","015243","VITTUONE","20.009","MI","120","120","691788","AV VITTUONE S.R.L.","05944080968","05944080968","VIA MANFREDO CAMPERIO,14","015146","MILANO","MI","PRIVATA","45,482419","8,9497425","SI","POINT (8.9497425 45.482419)"
"326","001667","RSA - FONDAZIONE RICOVERO LA MEMORIA ONLUS","VIA SANTA MARIA,17","017077","GAVARDO","25.085","BS","75","75","690735","FONDAZIONE LA MEMORIA ETS","96000500171","96000500171","VIA SANTA MARIA,17","017077","GAVARDO","BS","PRIVATA","45,5870188","10,4396983","SI","POINT (10.4396983 45.5870188)"
"322","095962","RSA CAMPO DEI FIORI","VIA FRANCESCO GUICCIARDINI,66","012133","VARESE","21.100","VA","120","120","692369","CODESS SOCIALE SOCIETA' COOPERATIVA SOCIALE","03174760276","03174760276","VIA GIOVANNI BOCCACCIO,96","028060","PADOVA","PD","PRIVATA","45,8066253","8,84359139","SI","POINT (8.84359139 45.8066253)"
"323","000913","CASA RIPOSO BELLAVISTA - SONDALO","VIA GIOVANNI BERTACCHI,8","014060","SONDALO","23.035","SO","58","58","141168","FONDAZIONE FRANCESCO SICCARDI - ONLUS","01018720142","93026960141","VIA GIOVANNI BERTACCHI 8","014060","SONDALO","SO","PRIVATA","46,3312472","10,31748","SI","POINT (10.31748 46.3312472)"
"326","095878","ANGELO GASPAROTTI","VIA FRANCESCO ZANE,10","017170","SALO'","25.087","BS","20","20","690584","FONDAZIONE CITTA' DI  SALO'","00726460983","87000750171","VIA FRANCESCO ZANE,10","017170","SALO'","BS","PRIVATA","45,6045504","10,5159987","SI","POINT (10.5159987 45.6045504)"
"326","001557","RSA - FONDAZIONE CENTRO SERVIZI ASSISTENZIALI CAMI- ALBERINI ONLUS","VIA ALBERINI,18","017080","GOTTOLENGO","25.023","BS","80","70","690656","FONDAZIONE ""CENTRO SERVIZI ASSISTENZIALI CAMI - ALBERINI"" ONLUS","01903970984","01903970984","VIA ALBERINI,18","017080","GOTTOLENGO","BS","PRIVATA","45,29209","10,27523","SI","POINT (10.27523 45.29209)"
"321","016092","NAVIGLIO GRANDE","VIA ALZAIA TRENTO,1","015093","CORSICO","20.094","MI","60","60","137308","GRUPPO GHERON SRL","01574550339","01574550339","VIA ARCHIMEDE,57","015146","MILANO","MI","PRIVATA","45,437482","9,120323","SI","POINT (9.120323 45.437482)"
"321","000690","VILLA ARCADIA","VIA LUIGI CADORNA,18","015012","BAREGGIO","20.008","MI","100","100","690489","ANZIANI '93 - COOPERATIVA SOCIALE","12481490154","12481490154","VIA LUIGI CADORNA,18","015012","BAREGGIO","MI","PRIVATA","45,4762482","8,992068","SI","POINT (8.992068 45.4762482)"
"323","000958","RSA RESIDENZA PER ANZIANI VILLA W.A. MOZART","VIALE DEI CASTAGNI,2","017095","LOZIO","25.040","BS","47","47","692555","VALLE CAMONICA SOLIDALE SOCIETA COOPERATIVA SOCIALE ONLUS","03214740981","03214740981","VIALE DEI CASTAGNI,2","017095","LOZIO","BS","PRIVATA","45,98674","10,26012","SI","POINT (10.26012 45.98674)"
"325","001328","R.S.A. MADONNA DEL BOLDESICO","VIA DOTTORE LIBERO SIGNORELLI,91/93","016120","GRUMELLO DEL MONTE","24.064","BG","66","60","690661","FONDAZIONE MADONNA DEL BOLDESICO O.N.L.U.S.","02629370160","80013970167","VIA DOTTORE LIBERO SIGNORELLI,91/93","016120","GRUMELLO DEL MONTE","BG","PRIVATA","45,6442092","9,8833817","SI","POINT (9.8833817 45.6442092)"
"322","002840","FONDAZIONE CASA DI RIPOSO CITTA' DI OLGIATE COMASCO ONLUS","VIALE MICHELANGELO BUONARROTI,6","013165","OLGIATE COMASCO","22.077","CO","82","82","690644","FONDAZIONE CASA DI RIPOSO CITTA' DI OLGIATE COMASCO ONLUS","03064800133","03064800133","VIALE MICHELANGELO BUONARROTI,6","013165","OLGIATE COMASCO","CO","PRIVATA","45,7858823","8,965249","SI","POINT (8.965249 45.7858823)"
"321","000250","RSA SAN LUCA","VIA SAN LUCA,4","015146","MILANO","20.122","MI","91","91","691497","KOS CARE S.R.L.","01148190547","01148190547","VIA DURINI,9","015146","MILANO","MI","PRIVATA","45,4545584","9,1864136","SI","POINT (9.1864136 45.4545584)"
"328","002213","R.S.A. ARCOBALENO SOLE","VIA FERRUCCIO BELLI,8","018041","CAVA MANARA","27.051","PV","64","64","690769","COOPERATIVA SOCIALE ARCOBALENO SOCIETA' PER AZIONI","01967560184","01967560184","VIA FERRUCCIO BELLI,8","018041","CAVA MANARA","PV","PRIVATA","45,14188","9,1027","SI","POINT (9.1027 45.14188)"
"322","000697","FONDAZ. FRATELLI PAOLO E TITO MOLINA ONLUS","VIALE LUIGI BORRI,133","012133","VARESE","21.100","VA","448","436","691019","FONDAZIONE FRATELLI PAOLO E TITO MOLINA - ONLUS","00404960122","00404960122","VIALE LUIGI BORRI,133","012133","VARESE","VA","PRIVATA","45,80075","8,84291","SI","POINT (8.84291 45.80075)"
"323","000905","RSA CAV. PAOLO RIVADOSSI","VIA MILANO,20/B","017022","BORNO","25.042","BS","74","70","690809","RSA BORNO SOCIETA' DI PROGETTO S.P.A.","03128510983","03128510983","VIA MILANO,20/B","017022","BORNO","BS","PRIVATA","45,95157","10,2052","SI","POINT (10.2052 45.95157)"
"325","001440","FONDAZIONE MARTINO ZANCHI  - ETS","VIA GIORGIO PAGLIA,23","016008","ALZANO LOMBARDO","24.022","BG","100","100","690862","FONDAZIONE MARTINO ZANCHI ONLUS - RSA","01468690167","80006550166","VIA GIORGIO PAGLIA,23","016008","ALZANO LOMBARDO","BG","PRIVATA","45,73485","9,72629","SI","POINT (9.72629 45.73485)"
"328","002191","FONDAZIONE MARZOTTO","VIA LOMELLINA,52","018102","MORTARA","27.036","PV","95","95","690606","FONDAZIONE MARZOTTO","00168200244","85000690249","VIA GAETANO MARZOTTO,3","024111","VALDAGNO","VI","PRIVATA","45,24655","8,74428","SI","POINT (8.74428 45.24655)"
"324","001179","RSA CASA FAMIGLIA PER ANZIANI DI BUSNAGO","VIA ANTONIO GRAMSCI,31","108051","BUSNAGO","20.874","MB","100","100","690791","SODALITAS SOCIETA' COOPERATIVA A RESPONSABILITA' LIMITATA","10068220150","10068220150","VIA GIOVANNI MARRADI,1","015146","MILANO","MI","PRIVATA","45,6180647","9,4712293","SI","POINT (9.4712293 45.6180647)"
"322","002775","FOSCOLO","VIA SAN LORENZO,10","013114","GUANZATE","22.070","CO","68","68","202333","LA VILLA S.P.A.","05548060481","05548060481","VIA BENEDETTO DA FOIANO 14","048017","FIRENZE","FI","PRIVATA","45,72379","9,01814","SI","POINT (9.01814 45.72379)"
"322","000754","FONDAZIONE BELLORA ONLUS","PIAZZA GIOVANE ITALIA,1","012070","GALLARATE","21.013","VA","90","90","690727","FONDAZIONE BELLORA ONLUS","01837120128","82005470123","PIAZZA GIOVANE ITALIA,1","012070","GALLARATE","VA","PRIVATA","45,65607","8,79051","SI","POINT (8.79051 45.65607)"
"326","001506","RSA - CASA DI RIPOSO ""DON GIUSEPPE BALDO""","VIA XXV APRILE,1","017158","PUEGNAGO DEL GARDA","25.080","BS","30","30","690619","CONGREGAZIONE PICCOLE FIGLIE DI SAN GIUSEPPE","00451530232","00451530232","VIA DON GIUSEPPE BALDO,7","023091","VERONA","VR","PRIVATA","45,57248","10,51268","SI","POINT (10.51268 45.57248)"
"328","004830","SAN FRANCESCO","VIA DON LUIGI ROVELLI,12","018115","PINAROLO PO","27.040","PV","100","100","690790","COOPERATIVA SOCIALE COOPSELIOS SOCIETA' COOPERATIVA ONLUS","01164310359","01164310359","VIA ANTONIO GRAMSCI,54/S","035033","REGGIO NELL'EMILIA","RE","PRIVATA","45,07902","9,14274","SI","POINT (9.14274 45.07902)"
"321","000269","RSA DON LEONE PORTA","VIA RUGGERO BOSCOVICH,35","015146","MILANO","20.124","MI","88","88","147756","SCI MARO S.R.L.","13342710152","13342710152","VIA RUGGERO BOSCOVICH,35","015146","MILANO","MI","PRIVATA","45,4809252","9,205931","SI","POINT (9.205931 45.4809252)"
"324","001106","RSA L'ARCA","VIA CANONICO VILLA,108","108023","DESIO","20.832","MB","124","124","690749","FONDAZIONE ""PIO E NINETTA GAVAZZI"" ETS","00986420966","83007380153","VIA CANONICO VILLA 108","108023","DESIO","MB","PUBBLICA","45,60988","9,20916","SI","POINT (9.20916 45.60988)"
"321","000199","AMBROSIANA RSA SRL","VIA OLGETTINA,63","015146","MILANO","20.132","MI","140","140","691701","AMBROSIANA RSA S.R.L.","03138560044","03138560044","VIA OLGETTINA,63","015146","MILANO","MI","PRIVATA","45,5054508","9,2729716","SI","POINT (9.2729716 45.5054508)"
"324","001153","RSA FONDAZIONE CASA FAMIGLIA S. GIUSEPPE ONLUS","VIA GENERALE ANTONIO CANTORE,7","108050","VIMERCATE","20.871","MB","124","120","690463","FONDAZIONE CASA FAMIGLIA SAN GIUSEPPE - ONLUS","00988290961","87000410156","VIA GENERALE ANTONIO CANTORE,7","108050","VIMERCATE","MB","PRIVATA","45,6223","9,3824","SI","POINT (9.3824 45.6223)"
"327","001946","FONDAZIONE CONTE DR. CARLO CARACCI ONLUS","VIA ROMA,46","020025","GAZZUOLO","46.010","MN","66","62","690738","FONDAZIONE CONTE DR.CARLO CARACCI ONLUS","01569660200","80006850202","VIA ROMA,46","020025","GAZZUOLO","MN","PRIVATA","45,0681228","10,5818266","SI","POINT (10.5818266 45.0681228)"
"325","001405","FONDAZIONE CASA DI RIPOSO G. SCARPINI","VIA LAURA SCARPINI,9","016087","COVO","24.050","BG","30","30","690744","FONDAZIONE CASA DI RIPOSO G. SCARPINI","01571950169","83001730163","VIA LAURA SCARPINI,9","016087","COVO","BG","PRIVATA","45,5016601","9,7718779","SI","POINT (9.7718779 45.5016601)"
"323","000919","""FONDAZIONE IN PARTECIPAZIONE CASA DI RIPOSO VILLA DEL SORRISO ETS","VIA CARLO DONEGANI,SNC","014009","BORMIO","23.032","SO","80","80","691034","FONDAZIONE IN PARTECIPAZIONE CASA DI RIPOSO VILLA DEL SORRISO ONLUS","00539100149","00539100149","VIA DON ANGELO MOLTRASIO,5","014009","BORMIO","SO","PRIVATA","46,46686","10,37957","SI","POINT (10.37957 46.46686)"
"325","001327","ISTITUZIONI DON CARLO BOTTA RSA S. CHIARA","VIA GIUSEPPE GARIBALDI,5","016024","BERGAMO","24.122","BG","100","100","690821","ISTITUZIONI DON CARLO BOTTA","02355880168","02355880168","VIA GIUSEPPE GARIBALDI,5","016024","BERGAMO","BG","PRIVATA","45,69561","9,66414","SI","POINT (9.66414 45.69561)"
"325","013281","RESIDENZA PRIMAVERA","VIA LEGA LOMBARDA,12","016003","ALBANO SANT'ALESSANDRO","24.061","BG","120","120","129768","RESIDENZA PRIMAVERA SRL","04162770160","04162770160","VIA LEGA LOMBARDA,12","016003","ALBANO SANT'ALESSANDRO","BG","PRIVATA","45,6839","9,76509","SI","POINT (9.76509 45.6839)"
"321","000059","SAN RICCARDO PAMPURI","VIA DANTE ALIGHIERI,4","015150","MORIMONDO","20.081","MI","60","60","690605","FONDAZIONE SAN RICCARDO PAMPURI - ONLUS","13117740152","90014970157","VIA DANTE ALIGHIERI,4","015150","MORIMONDO","MI","PRIVATA","45,35469","8,95635","SI","POINT (8.95635 45.35469)"
"321","000584","VIRGILIO  FERRARI","VIA DEI PANIGAROLA,14","015146","MILANO","20.139","MI","235","235","691806","PUNTO SERVICE - COOPERATIVA SOCIALE A R.L","01645790021","01645790021","VIA VERCELLI,23/A","002031","CARESANABLOT","VC","PRIVATA","45,4356347","9,2225111","SI","POINT (9.2225111 45.4356347)"
"324","001077","CASA FAMIGLIA PER ANZIANI","VIA ALDO MORO,10","097058","OLGIATE MOLGORA","23.887","LC","65","65","182752","PROJECT LIFE S.R.L.","11074420966","11074420966","CORSO VENEZIA,61","015146","MILANO","MI","PRIVATA","45,72258","9,39749","SI","POINT (9.39749 45.72258)"
"321","000559","RESIDENZA SANITARIA ASSISTENZIALE PINDARO 44","VIA PINDARO,44","015146","MILANO","20.128","MI","120","120","690801","ANTEO COOPERATIVA SOCIALE ONLUS","01758780025","01758780025","VIA FELICE PIACENZA 11","096004","BIELLA","BI","PRIVATA","45,5167362","9,2303567","SI","POINT (9.2303567 45.5167362)"
"321","000130","POLO GERIATRICO RIABILITATIVO","VIA DEI LAVORATORI,133","015077","CINISELLO BALSAMO","20.092","MI","109","109","691497","KOS CARE S.R.L.","01148190547","01148190547","VIA DURINI,9","015146","MILANO","MI","PRIVATA","45,5581088","9,2386961","SI","POINT (9.2386961 45.5581088)"
"326","001755","RSA - ""VILLA ELISA""","VIA SAN POLO,2","017029","BRESCIA","25.124","BS","62","62","690813","FONDAZIONE BRESCIA SOLIDALE ONLUS","02912960982","98133500177","VIA LUCIO FIORENTINI,19/B","017029","BRESCIA","BS","PRIVATA","45,52608","10,24106","SI","POINT (10.24106 45.52608)"
"325","001298","CASA ALBERGO MARIA IMMACOLATA SOC.COOP.SOCIALE ONLUS","VIA BRASSOLINO,6","016047","CALVENZANO","24.040","BG","79","75","691124","CASA ALBERGO MARIA IMMACOLATA SOC.COOP.SOCIALE ONLUS","01871460166","01871460166","VIA BRASSOLINO,6","016047","CALVENZANO","BG","PRIVATA","45,49428","9,59517","SI","POINT (9.59517 45.49428)"
"321","000373","R.S.A.  PARCO DELLE CAVE","VIA CAPRI,21","015146","MILANO","20.153","MI","150","150","137308","GRUPPO GHERON SRL","01574550339","01574550339","VIA ARCHIMEDE,57","015146","MILANO","MI","PRIVATA","45,46766","9,0929408","SI","POINT (9.0929408 45.46766)"
"321","000355","FONDAZIONE RICOVERO  MARTINELLI ONLUS","VIA LAURA VICUNA,2","015077","CINISELLO BALSAMO","20.092","MI","215","202","690434","FONDAZIONE RICOVERO MARTINELLI ONLUS","00987420965","85004630159","VIA CARLO MARTINELLI,45","015077","CINISELLO BALSAMO","MI","PRIVATA","45,5501118","9,219394","SI","POINT (9.219394 45.5501118)"
"321","000472","RSA CASA FAMIGLIA DI MILANO AFFORI","VIA FRANCO FACCIO,15","015146","MILANO","20.161","MI","70","70","136089","RSA OASI CERRO SRL","09986470962","09986470962","VIA PORLEZZA,8","015146","MILANO","MI","PRIVATA","45,5185654","9,1695972","SI","POINT (9.1695972 45.5185654)"
"325","001222","CASA DI RIPOSO SAN GIUSEPPE - ETS","VIA SANTO SPIRITO,15","016060","CASNIGO","24.020","BG","115","105","690785","CASA DI RIPOSO SAN GIUSEPPE ENTE MORALE - ONLUS","00689450161","00689450161","VIA SANTO SPIRITO,15","016060","CASNIGO","BG","PRIVATA","45,81812","9,86717","SI","POINT (9.86717 45.81812)"
"323","000906","RSA FONDAZIONE NINJ BECCAGUTTI ESINE","VIA CHIOSI,3/B","017070","ESINE","25.040","BS","81","81","691341","FONDAZIONE ONLUS NINJ BECCAGUTTI","01857970980","81003470176","VIA CHIOSI,3 B","017070","ESINE","BS","PRIVATA","45,923876","10,2539536","SI","POINT (10.2539536 45.923876)"
"328","039128","R.S.A. ARCOBALENO LUNA","VIA FERRUCCIO BELLI,8","018041","CAVA MANARA","27.051","PV","70","70","690769","COOPERATIVA SOCIALE ARCOBALENO SOCIETA' PER AZIONI","01967560184","01967560184","VIA FERRUCCIO BELLI,8","018041","CAVA MANARA","PV","PRIVATA","45,14188","9,1027","SI","POINT (9.1027 45.14188)"
"327","001874","FONDAZIONE SAN BIAGIO ONLUS","VIA SAN ROCCO,15","020018","CAVRIANA","46.040","MN","30","30","690771","FONDAZIONE SAN BIAGIO ONLUS","01565200209","81003330206","VIA SAN ROCCO,15","020018","CAVRIANA","MN","PRIVATA","45,34898","10,60229","SI","POINT (10.60229 45.34898)"
"328","002104","SANTA MARIA ALLE FONTI","VIALE LUIGI MANGIAGALLI,52","018073","GODIASCO SALICE TERME","27.052","PV","41","41","690451","FONDAZIONE DON CARLO GNOCCHI ONLUS","12520870150","04793650583","VIA CARLO GIROLA,30","015146","MILANO","MI","PRIVATA","44,9106644","9,0275975","SI","POINT (9.0275975 44.9106644)"
"322","045269","RSA FIAMMETTA POLIS","VIA GIACOMO LEOPARDI,132","012084","ISPRA","21.027","VA","40","40","690438","COMACO S.P.A.","01563860830","01563860830","VIA GIACOMO LEOPARDI,132","012084","ISPRA","VA","PRIVATA","45,82239","8,62447","SI","POINT (8.62447 45.82239)"
"324","001118","FONDAZIONE CASA DI RIPOSO DR. LUIGI E  REGINA SIRONI ONLUS","VIA LOCATELLI,9","097057","OGGIONO","23.848","LC","79","66","690643","FONDAZIONE CASA DI RIPOSO DR. LUIGI E REGINA SIRONI ONLUS","00651260135","00651260135","VIA LOCATELLI,9","097057","OGGIONO","LC","PRIVATA","45,7899482","9,3516664","SI","POINT (9.3516664 45.7899482)"
"321","000259","FONDAZIONE SACRA FAMIGLIA RSA SAN PIETRO","PIAZZA MONSIGNORE LUIGI MONETA,1","015074","CESANO BOSCONE","20.090","MI","60","60","690776","FONDAZIONE ISTITUTO SACRA FAMIGLIA ONLUS","00795470152","03034530158","PIAZZA MONSIGNORE LUIGI MONETA 1","015074","CESANO BOSCONE","MI","PRIVATA","45,4492226","9,09338791","SI","POINT (9.09338791 45.4492226)"
"324","001056","RSA VILLA TERUZZI","VIA SERGIO DE GIORGI,72","108021","CONCOREZZO","20.863","MB","49","48","690790","COOPERATIVA SOCIALE COOPSELIOS SOCIETA' COOPERATIVA ONLUS","01164310359","01164310359","VIA ANTONIO GRAMSCI,54/S","035033","REGGIO NELL'EMILIA","RE","PRIVATA","45,58893","9,33444","SI","POINT (9.33444 45.58893)"
"326","001649","RSA - FONDAZIONE RESIDENZA BERARDI MANZONI ONLUS","VIA SAN BERNARDINO,63/B","017165","RONCADELLE","25.030","BS","43","43","690545","FONDAZIONE RESIDENZA BERARDI MANZONI ONLUS","01427710171","80011870179","VIA SAN BERNARDINO,63/B","017165","RONCADELLE","BS","PRIVATA","45,5296","10,14672","SI","POINT (10.14672 45.5296)"
"321","003568","R.S.A. SAN GIORGIO","VIALE LUIGI GANDOLFI,27/33","098019","CODOGNO","26.845","LO","56","56","117946","ASP BASSO LODIGIANO","90519590153","90519590153","VIALE LUIGI GANDOLFI,27/33","098019","CODOGNO","LO","PUBBLICA","45,1567938","9,7100595","SI","POINT (9.7100595 45.1567938)"
"321","000024","FONDAZIONE OSPEDALE LUIGI MARCHESI","VIA LUIGI MARCHESI,25","015114","INZAGO","20.065","MI","70","70","690636","FONDAZIONE OSPEDALE MARCHESI DI INZAGO","02833990159","02833990159","VIA LUIGI MARCHESI,25","015114","INZAGO","MI","PRIVATA","45,53872","9,47989","SI","POINT (9.47989 45.53872)"
"321","000426","R.S.A. CASA  DI RIPOSO SANDRO PERTINI","VIA ROMA,60","015010","ARLUNO","20.004","MI","66","66","690842","COMUNE DI ARLUNO","02938070154","02938070154","PIAZZA ALCIDE DE GASPERI,7","015010","ARLUNO","MI","PUBBLICA","45,50824874","8,94102856","SI","POINT (8.94102856 45.50824874)"
"323","008561","RSA PAOLO PARAVICINI","VIA EUGENIO MORELLI,5","014045","MORBEGNO","23.017","SO","114","114","690604","FONDAZIONE CASA DI RIPOSO AMBROSETTI PARAVICINI ONLUS","00539680140","00539680140","VIA PIETRO PAOLO PARRAVICINI 16","014045","MORBEGNO","SO","PRIVATA","46,13425","9,57547","SI","POINT (9.57547 46.13425)"
"326","001478","RSA - FONDAZIONE ""OSPEDALE E CASA DI RIPOSO NOBILE PAOLO RICHIEDEI""","VIA PAOLO RICHIEDEI,16","017081","GUSSAGO","25.064","BS","113","94","690573","IL GABBIANO SOCIETA' COOPERATIVA SOCIALE ONLUS","00722770989","03043390172","VIA ABATE CREMONESINI,6/8","017149","PONTEVICO","BS","PRIVATA","45,58965","10,15327","SI","POINT (10.15327 45.58965)"
"321","000532","RESIDENZE SACCARDO               EDIFICIO A","VIA MASSIMIANO IMPERATORE,19","015146","MILANO","20.134","MI","108","108","691212","SEGESTA GESTIONI SRL","04140620966","04140620966","VIALE CASSALA,22","015146","MILANO","MI","PRIVATA","45,48304","9,24421","SI","POINT (9.24421 45.48304)"
"324","001190","R.S.A. OPERA PIA MAGISTRIS","VIA ALESSANDRO MANZONI,7","097083","VALMADRERA","23.868","LC","63","63","691806","PUNTO SERVICE - COOPERATIVA SOCIALE A R.L","01645790021","01645790021","VIA VERCELLI,23/A","002031","CARESANABLOT","VC","PRIVATA","45,847857","9,357694","SI","POINT (9.357694 45.847857)"
"322","002910","RSA IL FOCOLARE SANTA MARIA DI LORETO","VIA VANONE CERESOLA,3","013253","ALTA VALLE INTELVI","22.024","CO","42","38","690750","ASSOCIAZIONE IL FOCOLARE DI S. MARIA DI LORETO","01943130136","95022310130","VIA VANONE CERESOLA,3","013253","ALTA VALLE INTELVI","CO","PRIVATA","45,98261","9,02429","SI","POINT (9.02429 45.98261)"
"323","000962","CASA DI RIPOSO ""S. ORSOLA""","VIALE ITALIA,21","014065","TEGLIO","23.036","SO","48","48","690559","FONDAZIONE CASA DI RIPOSO S. ORSOLA ONLUS","00569650146","83000750147","VIALE ITALIA, 21","014065","TEGLIO","SO","PRIVATA","46,1728871","10,0627016","SI","POINT (10.0627016 46.1728871)"
"322","090449","FONDAZIONE RSA GARIBALDI POGLIANI ONLUS - RSA 3 CANTU'","VIA SPARTA,16","013041","CANTU'","22.063","CO","40",,"690802","FONDAZIONE R.S.A. GARIBALDI POGLIANI ONLUS","01798350136","81002570133","VIA FRATELLI GALIMBERTI,4","013041","CANTU'","CO","PRIVATA","45,7462382","9,1445327","NO","POINT (9.1445327 45.7462382)"
"326","001471","RSA - FONDAZIONE ONLUS CASA DI RIPOSO DI CAPRIOLO DON GAUDENZIO MARTINAZZOLI","VIA CASA DI RIPOSO,1","017038","CAPRIOLO","25.031","BS","62","54","690806","FONDAZIONE CASA DI RIPOSO DI CAPRIOLO DON GAUDENZIO MARTINAZZOLI - CENTRO POLIVALENTE DI SERVIZI PER ANZIANI","00984260174","00984260174","VIA CASA DI RIPOSO,1","017038","CAPRIOLO","BS","PRIVATA","45,6428174","9,9335355","SI","POINT (9.9335355 45.6428174)"
"321","000382","RSA FONDAZIONE ING. P. ZONCADA","VIA FELICE CAVALLOTTI,21","098004","BORGHETTO LODIGIANO","26.812","LO","85","85","690837","FONDAZIONE ING PIETRO ZONCADA ONLUS","08661880156","92505570157","VIA FELICE CAVALLOTTI,21","098004","BORGHETTO LODIGIANO","LO","PRIVATA","45,2122237","9,5004328","SI","POINT (9.5004328 45.2122237)"
"325","001392","PENSIONATO CONTESSI-SANGALLI FONDAZIONE - ETS","VIA DEGLI ULIVI,1","016086","COSTA VOLPINO","24.062","BG","86","86","690743","PENSIONATO CONTESSI- SANGALLI FONDAZIONE O.N.L.U.S.","01911640165","81002160166","VIA DEGLI ULIVI,1","016086","COSTA VOLPINO","BG","PRIVATA","45,82842","10,09318","SI","POINT (10.09318 45.82842)"
"322","000797","FONDAZIONE CENTRO ACCOGLIENZA PER ANZIANI ETS","VIA CAMILLO BOSISIO,3","012090","LONATE POZZOLO","21.015","VA","114","113","690675","FONDAZIONE CENTRO ACCOGLIENZA PER ANZIANI ONLUS","02082750122","91010690120","VIA CAMILLO BOSISIO,3","012090","LONATE POZZOLO","VA","PRIVATA","45,6013308","8,751492","SI","POINT (8.751492 45.6013308)"
"328","002183","SERENI ORIZZONTI VILLA VANNI","VIA ALESSANDRO VOLTA,5","018122","RIVANAZZANO TERME","27.055","PV","30","30","123408","SERENI ORIZZONTI 1 SPA","02833470301","02833470301","VIA VITTORIO VENETO,45","030129","UDINE","UD","PRIVATA","44,91213","9,01818","SI","POINT (9.01818 44.91213)"
"325","001263","CASA OSPITALE DON PIETRO ARESI ONLUS","VIA CAPITANO GIUSEPPE FACCHINETTI,2","016040","BRIGNANO GERA D'ADDA","24.053","BG","79","79","690818","CASA OSPITALE DON PIETRO ARESI ONLUS","01439770163","84002250169","VIA CAPITANO GIUSEPPE FACCHINETTI,2","016040","BRIGNANO GERA D'ADDA","BG","PRIVATA","45,546158","9,6458437","SI","POINT (9.6458437 45.546158)"
"327","001797","CASA DI RIPOSO SAN GIUSEPPE","LARGO VITTORIA,20","019053","ISOLA DOVARESE","26.031","CR","51","49","690436","FONDAZIONE CASA DI RIPOSO SAN GIUSEPPE ONLUS","00825790199","80002410191","LARGO VITTORIA, 20","019053","ISOLA DOVARESE","CR","PRIVATA","45,1748266","10,3132968","SI","POINT (10.3132968 45.1748266)"
"322","002953","IL RONCO","VIA MADONNA DEL CARMINE,21","013254","CENTRO VALLE INTELVI","22.023","CO","137","137","690869","CROCE DI MALTA SRL","03653930960","03653930960","VIALE CASSALA,22","015146","MILANO","MI","PRIVATA","45,94313","9,07733995","SI","POINT (9.07733995 45.94313)"
"328","002227","CASA SACRA FAMIGLIA","VIA GIUSEPPE GARIBALDI,49","018113","PIEVE DEL CAIRO","27.037","PV","66","66","690869","CROCE DI MALTA SRL","03653930960","03653930960","VIALE CASSALA,22","015146","MILANO","MI","PRIVATA","45,0489164","8,8046384","SI","POINT (8.8046384 45.0489164)"
"328","002073","VILLA S. EULALIA","VIALE DELLA LOMELLINA,9","018168","VALLE LOMELLINA","27.020","PV","80","80","690477","FONDAZIONE PIETRO ED EULALIA BARBIERI","01294860182","82001070182","VIA DON GEROLAMO AVANZA, 8","018113","PIEVE DEL CAIRO","PV","PRIVATA","45,1502995","8,6668817","SI","POINT (8.6668817 45.1502995)"
"326","001592","FONDAZIONE POMPEO E CESARE MAZZOCCHI ONLUS","VIA CARERA,28","017056","COCCAGLIO","25.030","BS","86","70","690682","FONDAZIONE POMPEO E CESARE MAZZOCCHI ONLUS","00724370986","82000930170","VIA VITTORIO EMANUELE II,26","017056","COCCAGLIO","BS","PRIVATA","45,5623358","9,9805978","SI","POINT (9.9805978 45.5623358)"
"323","000939","""CASA DI RIPOSO """"CORTI NEMESIO""""","VIA BENEDETTO CAIROLI,13","014026","DELEBIO","23.014","SO","84","80","114831","FONDAZIONE CASA DI RIPOSO CORTI NEMESIO - ONLUS","00980720148","91016390147","VIA BENEDETTO CAIROLI,13","014026","DELEBIO","SO","PRIVATA","46,13392","9,45874","SI","POINT (9.45874 46.13392)"
"325","001436","OASI SAN PELLEGRINO","VIA DEI PARTIGIANI,14","016190","SAN PELLEGRINO TERME","24.016","BG","44","44","733824","BERGAMO SANITA' SOCIETA' COOPERATIVA SOCIALE","03683860161","03683860161","VIA VASVECCHIO,1/C","016144","NEMBRO","BG","PRIVATA","45,8420648","9,6678186","SI","POINT (9.6678186 45.8420648)"
"325","001362","RSA CENTRO DON ORIONE","VIA DON LUIGI ORIONE,6","016024","BERGAMO","24.124","BG","222","222","690822","PROVINCIA RELIGIOSA SAN MARZIANO DI DON ORIONE","02541960155","02541960155","VIALE CATERINA DA FORLI',19","015146","MILANO","MI","PRIVATA","45,71463109","9,69466685","SI","POINT (9.69466685 45.71463109)"
"327","003606","RSA RODIGO","VIA CANTARANA,25","020051","RODIGO","46.040","MN","120","120","137308","GRUPPO GHERON SRL","01574550339","01574550339","VIA ARCHIMEDE,57","015146","MILANO","MI","PRIVATA","45,19697","10,62153","SI","POINT (10.62153 45.19697)"
"328","002102","RESIDENZA SANITARIO ASSISTENZIALE COMUNALE PAOLO BECCARIA","VIA DON ORIONE,2","018047","CERVESINA","27.050","PV","79","79","137308","GRUPPO GHERON SRL","01574550339","01574550339","VIA ARCHIMEDE,57","015146","MILANO","MI","PRIVATA","45,06249","9,02153","SI","POINT (9.02153 45.06249)"
"322","002818","FONDAZIONE MICHELA E FRANCO FORNASARI","VIA VARESE,66","013159","MOZZATE","22.076","CO","37","37","691203","OPERA PIA FRANCESCA COLLEONI DE MAESTRI - IMPRESA SOCIALE","03690110154","03690110154","VIA BARTOLOMEO COLLEONI,5","015062","CASTANO PRIMO","MI","PRIVATA","45,6743551","8,952146","SI","POINT (8.952146 45.6743551)"
"324","001215","CASA DI RIPOSO SANT' ANTONIO","VIA LUIGI CORSI,8","097007","BARZIO","23.816","LC","40","40","690681","NUOVA ASSISTENZA- SOCIETA' COOPERATIVA SOCIALE ONLUS","01684780032","06902520011","VIA BAVENO,4","003106","NOVARA","NO","PRIVATA","45,9436766","9,4698656","SI","POINT (9.4698656 45.9436766)"
"327","001773","FONDAZIONE INNOCENTA ZANETTI E ANGELO COMINELLI ONLUS","VIA GIUSEPPE GARIBALDI,67","020017","CASTIGLIONE DELLE STIVIERE","46.043","MN","80","80","690767","FONDAZ. INNOCENTA ZANETTI E ANGELO COMINELLI ONLUS","00522530203","81000770206","VIA GIUSEPPE GARIBALDI,67","020017","CASTIGLIONE DELLE STIVIERE","MN","PRIVATA","45,3888699","10,4927375","SI","POINT (10.4927375 45.3888699)"
"325","001325","RSA CASA DI RIPOSO VILLA SERENA","VIA ARRIO MUCIANO,26","016174","PREDORE","24.060","BG","25","25","690506","UNIVERSIIS SOCIETA' COOPERATIVA SOCIALE","01818390302","01818390302","VIA CIVIDINA,41/A","030129","UDINE","UD","PRIVATA","45,6801238","10,0203308","SI","POINT (10.0203308 45.6801238)"
"327","001963","RSA  DUCALE","VIA SILVIO PELLICO,14","020072","BORGO MANTOVANO","46.036","MN","45","45","692093","COOPERATIVA SOCIALE SOCIETA' DOLCE SOCIETA' COOPERATIVA","03772490375","03772490375","VIA CRISTINA DA PIZZANO,5","037006","BOLOGNA","BO","PRIVATA","45,05766","11,12621","SI","POINT (11.12621 45.05766)"
"322","002738","PASCOLI","VIA PER NAVEDANO,26","013084","CUCCIAGO","22.060","CO","120","120","202333","LA VILLA S.P.A.","05548060481","05548060481","VIA BENEDETTO DA FOIANO 14","048017","FIRENZE","FI","PRIVATA","45,7460057","9,1039637","SI","POINT (9.1039637 45.7460057)"
"327","001961","R.S.A. MANTEGNA","VIA DANTE ALIGHIERI,8","020007","BOZZOLO","46.012","MN","100","88","202333","LA VILLA S.P.A.","05548060481","05548060481","VIA BENEDETTO DA FOIANO 14","048017","FIRENZE","FI","PRIVATA","45,1032678","10,4824959","SI","POINT (10.4824959 45.1032678)"
"322","000728","RSA CAMELOT","VIA PADRE IGINO LEGA,54 5","012070","GALLARATE","21.013","VA","142","120","691479","3SG - AZIENDA SERVIZI SOCIO SANITARI GALLARATE","91030490121","91030490121","VIA PADRE IGINO LEGA,5","012070","GALLARATE","VA","PUBBLICA","45,66175","8,77609","SI","POINT (8.77609 45.66175)"
"328","002173","PIO ISTITUTO CONIUGI BUZZONI NIGRA","PIAZZA RISORGIMENTO,3","018146","SARTIRANA LOMELLINA","27.020","PV","60","60","690530","PIO ISTITUTO CONIUGI BUZZONI NIGRA","01500460181","82001550183","PIAZZA RISORGIMENTO,3","018146","SARTIRANA LOMELLINA","PV","PRIVATA","45,11338","8,6693","SI","POINT (8.6693 45.11338)"
"326","001612","RSA - FONDAZIONE S. MARIA DEL CASTELLO ONLUS","VIA DEODATO LAFFRANCHI,13","017039","CARPENEDOLO","25.013","BS","124","117","690458","FONDAZIONE S. MARIA DEL CASTELLO  ONLUS","85001050179","85001050179","VIA DEODATO LAFFRANCHI,13","017039","CARPENEDOLO","BS","PRIVATA","45,36580021","10,4267927","SI","POINT (10.4267927 45.36580021)"
"326","001724","RSA - FONDAZIONE CASA DI RIPOSO DI GHEDI ONLUS","VIA DIECI GIORNATE,76","017078","GHEDI","25.016","BS","109","93","690448","FONDAZIONE CASA DI RIPOSO DI GHEDI ONLUS","00851380170","80012290179","VIA DIECI GIORNATE,76","017078","GHEDI","BS","PRIVATA","45,40654","10,26769","SI","POINT (10.26769 45.40654)"
"321","000521","POLO GERIATRICO RIABILITATIVO 2","VIA SAN FAUSTINO,27","015146","MILANO","20.134","MI","122","122","691497","KOS CARE S.R.L.","01148190547","01148190547","VIA DURINI,9","015146","MILANO","MI","PRIVATA","45,4761452","9,2413425","SI","POINT (9.2413425 45.4761452)"
"321","000617","SAN ROCCO","VIA MONVISO,87","015205","SEGRATE","20.054","MI","150","150","691497","KOS CARE S.R.L.","01148190547","01148190547","VIA DURINI,9","015146","MILANO","MI","PRIVATA","45,5072533","9,2951132","SI","POINT (9.2951132 45.5072533)"
"321","000289","NUOVA  RSA CASA FAMIGLIA","VIA VIVAIO,7","015146","MILANO","20.122","MI","26","26","691317","ISTITUTO DEI CIECHI DI MILANO","07731750159","80101550152","VIA VIVAIO,7","015146","MILANO","MI","PRIVATA","45,4689532","9,2040391","SI","POINT (9.2040391 45.4689532)"
"326","001696","RSA F.LLI BERETTA - S.GIUSEPPE","VIA SAN ROCCO,33","017129","PADENGHE SUL GARDA","25.080","BS","60","30","732534","PROGETTO SALUTE ONLUS SOCIETA' COOP. SOC.","02256690989","02256690989","VIA MORETTO,12","017029","BRESCIA","BS","PRIVATA","45,5041148","10,5026066","SI","POINT (10.5026066 45.5041148)"
"326","001730","RSA - FONDAZIONE CASA DI RIPOSO DI ROE' VOLCIANO ONLUS","VIA IACOPO BONFADIO,37","017164","ROE' VOLCIANO","25.077","BS","42","40","690542","FONDAZIONE CASA DI RIPOSO DI ROE' VOLCIANO - ONLUS","87001930178","87001930178","VIA J.BONFADIO,37","017164","ROE' VOLCIANO","BS","PRIVATA","45,6218892","10,5033787","SI","POINT (10.5033787 45.6218892)"
"321","000321","DON GIUSEPPE CUNI","VIA DANTE ALIGHIERI,2","015130","MAGENTA","20.013","MI","100","100","690702","AZIENDA SPECIALE CONSORTILE SERVIZI ALLA PERSONA","04956380960","04956380960","VIA DANTE ALIGHIERI,2","015130","MAGENTA","MI","PUBBLICA","45,4690526","8,885497","SI","POINT (8.885497 45.4690526)"
"324","001067","R.S.A.  F. SCACCABAROZZI","VIA GIULIO BANFI,6","108036","ORNAGO","20.876","MB","90","90","690672","KCS CAREGIVER COOPERATIVA SOCIALE","02125100160","02125100160","ROTONDA DEI MILLE,1","016024","BERGAMO","BG","PRIVATA","45,5934574","9,4319275","SI","POINT (9.4319275 45.5934574)"
"327","001894","RSA S. VINCENZO","VIA CAVOUR,1","019116","PIADENA DRIZZONA","26.034","CR","108","108","690573","IL GABBIANO SOCIETA' COOPERATIVA SOCIALE ONLUS","00722770989","03043390172","VIA ABATE CREMONESINI,6/8","017149","PONTEVICO","BS","PRIVATA","45,1277576","10,3798855","SI","POINT (10.3798855 45.1277576)"
"325","001415","RSA FONDAZIONE I.P.S. CARD. GUSMINI ETS","VIA SAN CARLO,30","016234","VERTOVA","24.029","BG","82","81","690486","FONDAZIONE ISTITUTO POLIFUNZIONALE SOCIO-SANITARIO CARD. G. GUSMINI ONLUS","01824750168","81001730167","VIA SAN CARLO,30","016234","VERTOVA","BG","PRIVATA","45,80666","9,84986","SI","POINT (9.84986 45.80666)"
"322","002798","CASA PER ANZIANI DON GIUSEPPE ALLIEVI","VIA FRANCESCO ANZANI,1","013007","ALZATE BRIANZA","22.040","CO","46","34","690863","AZIENDA SPECIALE DEL COMUNE DI ALZATE BRIANZA","02582670135","02582670135","VIA FRANCESCO ANZANI,1","013007","ALZATE BRIANZA","CO","PUBBLICA","45,7659949","9,1844558","SI","POINT (9.1844558 45.7659949)"
"321","002425","RSA SANDRO PERTINI","VIA PER CESATE,62","015105","GARBAGNATE MILANESE","20.024","MI","300","300","030706","ASST RHODENSE","09323530965","09323530965","VIALE CARLO FORLANINI,95","015105","GARBAGNATE MILANESE","MI","PUBBLICA","45,58497","9,07868","SI","POINT (9.07868 45.58497)"
"327","001809","ISTITUTO GERIATRICO CARLO LOUISA GRASSI","VIA OSPEDALE VECCHIO,18","020066","VIADANA","46.019","MN","99","99","690520","ISTITUTO  GERIATRICO CARLO  LOUISA GRASSI ONLUS","01371940204","83000730206","VIA OSPEDALE VECCHIO,16","020066","VIADANA","MN","PRIVATA","44,93096078","10,52189145","SI","POINT (10.52189145 44.93096078)"
"326","001534","RSA - FONDAZIONE MARTINELLI- GRANATA -PIANTONI ONLUS","VIA MARTINELLI,19","017059","COLOGNE","25.033","BS","60","57","690759","FONDAZIONE MARTINELLI GRANATA PIANTONI ONLUS","01473020178","01473020178","VIA MARTINELLI,19","017059","COLOGNE","BS","PRIVATA","45,5839174","9,9418743","SI","POINT (9.9418743 45.5839174)"
"326","001596","RSA AZIENDA SPECIALE COMUNE DI CONCESIO","VIA CESARE BATTISTI,72","017061","CONCESIO","25.062","BS","43","40","690762","RSA  CONCESIO  AZIENDA SPECIALE","02248580983","02248580983","VIA CESARE BATTISTI,72","017061","CONCESIO","BS","PUBBLICA","45,6092069","10,218802","SI","POINT (10.218802 45.6092069)"
"324","001167","RSA FONDAZIONE RESIDENZA AMICA ONLUS","VIA MASSIMO D'AZEGLIO,70","108024","GIUSSANO","20.833","MB","89","89","690449","FONDAZIONE RESIDENZA AMICA ONLUS","00967850967","09582480159","VIA MASSIMO D'AZEGLIO,70","108024","GIUSSANO","MB","PRIVATA","45,6913958","9,2034793","SI","POINT (9.2034793 45.6913958)"
"321","000664","R.S.A MELOGRANO","VIA NAPOLI,2","015060","CASSINA DE' PECCHI","20.051","MI","150","150","691497","KOS CARE S.R.L.","01148190547","01148190547","VIA DURINI,9","015146","MILANO","MI","PRIVATA","45,5161909","9,3652617","SI","POINT (9.3652617 45.5161909)"
"323","066549","RESIDENZA SANITARIA ASSISTENZIALE (RSA) BERNINA","VIA NAZARIO SAURO,64","014061","SONDRIO","23.100","SO","120","120","690869","CROCE DI MALTA SRL","03653930960","03653930960","VIALE CASSALA,22","015146","MILANO","MI","PRIVATA","46,16863","9,87622","SI","POINT (9.87622 46.16863)"
"322","000699","RESIDENZA PREALPINA","VIA PORA,3/5","012063","CUVIO","21.030","VA","85","85","158152","IL CHIOSCO S.R.L.","02687200127","02687200127","VIALE CASSALA,22","015146","MILANO","MI","PRIVATA","45,8911348","8,7221472","SI","POINT (8.7221472 45.8911348)"
"324","037786","GROANE","VIA SICILIA,42","108019","CESANO MADERNO","20.811","MB","120","120","137308","GRUPPO GHERON SRL","01574550339","01574550339","VIA ARCHIMEDE,57","015146","MILANO","MI","PRIVATA","45,63548","9,12558","SI","POINT (9.12558 45.63548)"
"326","090221","RSA ZAFFIRO IRIS","VIA BOSE,1/QUATER","017029","BRESCIA","25.129","BS","100","100","159772","ZAFFIRO NORD S.R.L.","02881800300","02881800300","VIA MELCHIORRE GIOIA,121","015146","MILANO","MI","PRIVATA","45,4937791","10,266728","SI","POINT (10.266728 45.4937791)"
"322","000875","RESIDENZA RAIMONDI","VIA ALESSANDRO VOLTA,1","012079","GORLA MINORE","21.055","VA","35","31","190893","ARGENTUM S.R.L.","02770060024","02770060024","VIA VERCELLI,23/A","002031","CARESANABLOT","VC","PRIVATA","45,63651","8,89891","SI","POINT (8.89891 45.63651)"
"324","095872","RESIDENZA 20","VIALE CESARE BATTISTI,86","108033","MONZA","20.900","MB","20","20","690603","LA MERIDIANA SOCIETA' COOPERATIVA SOCIALE","02322460961","08400690155","VIALE CESARE BATTISTI,86","108033","MONZA","MB","PRIVATA","45,591117","9,255649","SI","POINT (9.255649 45.591117)"
"326","001507","RSA - ""CASA DI DIO""","VIA VITTORIO EMANUELE II,7","017029","BRESCIA","25.122","BS","143","130","690754","FONDAZIONE CASA DI DIO ONLUS","02467380982","02467380982","VIA MORETTO,4","017029","BRESCIA","BS","PRIVATA","45,5350425","10,2138276","SI","POINT (10.2138276 45.5350425)"
"324","001142","CASA MADONNA DELLA FIDUCIA","VIA FRATELLI CALVI,62","097013","CALOLZIOCORTE","23.801","LC","104","99","690705","PARROCCHIA S. MARTINO VESCOVO CASA MADONNA DELLA FIDUCIA","00999300163","00999300163","PIAZZA ARCIPRESBITERALE,3","097013","CALOLZIOCORTE","LC","PRIVATA","45,7967542","9,4388881","SI","POINT (9.4388881 45.7967542)"
"328","002182","RESIDENZA SANITARIA ASSISTENZIALE","VIA CARLO ACHILLI,1","018153","STRADELLA","27.049","PV","92","92","138348","BRONI STRADELLA PUBBLICA SRL","02419480187","02419480187","VIA CAMILLO BENSO CAVOUR,28","018153","STRADELLA","PV","PRIVATA","45,0767675","9,2875894","SI","POINT (9.2875894 45.0767675)"
"322","000720","FONDAZIONE ANGELA MAURI SACCONAGHI-GIOVANNI BORGHI ONLUS","VIA VALLE ORO,30","012055","COMERIO","21.025","VA","72","68","690761","FONDAZIONE ANGELA MAURI  SACCONAGHI - GIOVANNI BORGHI","01584580128","83001270129","VIA VALLE ORO,30","012055","COMERIO","VA","PRIVATA","45,8429556","8,739605","SI","POINT (8.739605 45.8429556)"
"321","000083","""RSA  """"EMMAUS""""""","VIA COSTANTINO BARONI,71/73","015146","MILANO","20.142","MI","128","120","691716","EMMAUS SRL","01457730032","01457730032","VIA CAPPUCCINI,4","015146","MILANO","MI","PRIVATA","45,4064395","9,1717389","SI","POINT (9.1717389 45.4064395)"
"322","093602","RSA DON GIACOMO TANTARDINI","VIA LA MAZZINA,14","013250","BELLAGIO","22.021","CO","44","44","690849","COOPERATIVA SOCIALE E DI LAVORO OPERATORI SANITARI ASSOCIATI","01675771008","07056830586","VIA LUCIO VOLUMNIO,1","058091","ROMA","RM","PRIVATA","45,97325146","9,26342139","SI","POINT (9.26342139 45.97325146)"
"327","001858","FONDAZIONE DI SERVIZI ALLA PERSONA LUIGINA  MILANESI E PAOLO FROSI ONLUS","VIA GIOVANNI CANEVARI,85","019110","TRIGOLO","26.018","CR","120","120","690709","FONDAZIONE DI SERVIZI ALLA PERSONA MILANESI E FROSI ONLUS","00681280194","83000490199","VIA GIOVANNI CANEVARI 85","019110","TRIGOLO","CR","PRIVATA","45,33177","9,80455","SI","POINT (9.80455 45.33177)"
"328","002013","VILLA CHIARA","VIA SCALDASOLE,15","018061","DORNO","27.020","PV","111","111","690428","VILLA CHIARA S.R.L.","01952080180","01952080180","VIA SCALDASOLE,15","018061","DORNO","PV","PRIVATA","45,1488183","8,9496634","SI","POINT (8.9496634 45.1488183)"
"322","000772","RSA VILLAGGIO AMICO","VIA STAZIONE,5","012075","GERENZANO","21.040","VA","144","144","691781","VILLAGGIO AMICO SRL","06788610969","06788610969","VIA PODGORA,13","015146","MILANO","MI","PRIVATA","45,64388","9,00089","SI","POINT (9.00089 45.64388)"
"321","000076","RSA VILLA VASARI","VIA GAIO VALERIO CATULLO,SNC","015087","CORNAREDO","20.007","MI","110","110","691731","EDOS SRL","05831590962","05831590962","VIA BENEDETTO DA FOIANO,14","048017","FIRENZE","FI","PRIVATA","45,4838722","9,02148","SI","POINT (9.02148 45.4838722)"
"327","001934","FONDAZIONE BRUNO PARI ONLUS","VIA GIOVAN BATTISTA ROSA,42","019064","OSTIANO","26.032","CR","94","90","690562","FONDAZIONE BRUNO PARI ONLUS","00870300191","80004330199","VIA GIOVAN BATTISTA ROSA,42","019064","OSTIANO","CR","PRIVATA","45,2255048","10,2466195","SI","POINT (10.2466195 45.2255048)"
"322","000777","RSA CARDINAL COLOMBO","VIA GIUSEPPE VERDI,5","012038","CASCIAGO","21.020","VA","71","71","691203","OPERA PIA FRANCESCA COLLEONI DE MAESTRI - IMPRESA SOCIALE","03690110154","03690110154","VIA BARTOLOMEO COLLEONI,5","015062","CASTANO PRIMO","MI","PRIVATA","45,8245649","8,7668407","SI","POINT (8.7668407 45.8245649)"
"322","000794","FONDAZIONE ANGELO PORETTI E ANGELO  MAGNANI ETS","VICOLO PORETTI MAGNANI,4","012134","VEDANO OLONA","21.040","VA","96","96","690481","FONDAZIONE ANGELO PORETTI E ANGELO MAGNANI ONLUS","02291510127","80007050125","VICOLO PORETTI MAGNANI,4","012134","VEDANO OLONA","VA","PRIVATA","45,7756687","8,8785121","SI","POINT (8.8785121 45.7756687)"
"321","069713","RSA SENAGO","VIA FALLACI,10","015206","SENAGO","20.030","MI","120","120","137308","GRUPPO GHERON SRL","01574550339","01574550339","VIA ARCHIMEDE,57","015146","MILANO","MI","PRIVATA","45,57893","9,12607","SI","POINT (9.12607 45.57893)"
"328","002197","SOGGIORNO VILLA DELLE ROSE","VIA ROMA,77","018117","PONTE NIZZA","27.050","PV","24","20","691105","FONDAZIONE VARNI AGNETTI E.T.S.","02540890189","01664350186","STRADA ARDIVESTRA,5","018073","GODIASCO SALICE TERME","PV","PRIVATA","44,84923","9,09969","SI","POINT (9.09969 44.84923)"
"321","004732","CASA FAMIGLIA","VIA VIVAIO,7","015146","MILANO","20.122","MI","58","20","691317","ISTITUTO DEI CIECHI DI MILANO","07731750159","80101550152","VIA VIVAIO,7","015146","MILANO","MI","PRIVATA","45,4689532","9,2040391","SI","POINT (9.2040391 45.4689532)"
"326","001606","RSA - CASA DI RIPOSO DON ANGELO COLOMBO FONDAZIONE ONLUS","VIA ROSE,1","017188","TRAVAGLIATO","25.039","BS","116","90","690498","FONDAZIONE ""DON ANGELO COLOMBO"" O.N.L.U.S.","01998380172","80019150178","VIA ROSE,1","017188","TRAVAGLIATO","BS","PRIVATA","45,5278236","10,0769139","SI","POINT (10.0769139 45.5278236)"
